id,year,stats_type,L,PPP,STP,W,GAA,GP,GS,SVP,SHP,MIN,OTL,STPA,SA,SO,STPG,SV,_12,GA,_99,TTOI,_25,ATOI,_5,A,PTS,G,FP,FP_AVG
3634,2023,projected,13.0,0.0,0.0,25.0,2.49,41.0,45.0,0.91,0.0,160173.0,7.0,0.0,1259.0,2.0,0.0,1148.0,0.56,111.0,,,178.0,,1.0,,,,399.4,8.88
3634,2023,actual,15.0,0.0,0.0,16.0,3.41,41.0,36.0,0.88,0.0,134085.0,6.0,0.0,1080.0,2.0,0.0,953.0,0.43,127.0,,,,,1.0,,,,265.9,7.39
3634,2024,projected,,,,,,,,,,,,,,,,,,,,,,,,,,,,
3634,2024,actual,6.0,0.0,0.0,18.0,2.62,27.0,26.0,0.91,0.0,94964.0,2.0,0.0,770.0,2.0,0.0,701.0,0.69,69.0,,,,,,,,,257.3,9.9
3634,2025,projected,,,,,,,,,,,,,,,,,,,,,,,,,,,,
3634,2025,actual,7.0,0.0,0.0,11.0,3.17,24.0,20.0,0.89,0.0,79541.0,2.0,0.0,657.0,3.0,0.0,587.0,0.55,70.0,,,,,,,,,183.1,9.15
3634,2026,projected,,,,,,,,,,,,,,,,,,,,,,,,,,,,
3634,2026,actual,17.0,0.0,0.0,6.0,3.09,25.0,24.0,0.89,0.0,85080.0,2.0,0.0,671.0,2.0,0.0,598.0,0.24,73.0,,,,,,,,,139.4,5.81
3634,2027,projected,,,,,,,,,,,,,,,,,,,,,,,,,,,,
3634,2027,actual,,,,,,,,,,,,,,,,,,,,,,,,,,,,
3870,2023,projected,20.0,0.0,0.0,23.0,2.75,43.0,50.0,0.91,0.0,177970.0,7.0,0.0,1545.0,2.0,0.0,1409.0,0.46,136.0,,,201.0,,,,,,433.7,8.67
3870,2023,actual,21.0,0.0,0.0,12.0,3.48,43.0,41.0,0.89,0.0,152280.0,8.0,0.0,1335.0,3.0,0.0,1188.0,0.29,147.0,,,,,,,,,296.4,7.23
3870,2024,projected,,,,,,,,,,,,,,,,,,,,,,,,,,,,
3870,2024,actual,8.0,0.0,0.0,11.0,3.11,25.0,20.0,0.9,0.0,81144.0,2.0,0.0,727.0,2.0,0.0,657.0,0.52,70.0,,,,,,,,,199.1,9.96
3870,2025,projected,,,,,,,,,,,,,,,,,,,,,,,,,,,,
3870,2025,actual,10.0,0.0,0.0,10.0,3.04,24.0,21.0,0.9,0.0,81770.0,2.0,0.0,662.0,1.0,0.0,594.0,0.45,69.0,,,,,,,,,169.2,8.06
3870,2026,projected,,,,,,,,,,,,,,,,,,,,,,,,,,,,
3870,2026,actual,4.0,0.0,0.0,7.0,2.42,14.0,13.0,0.89,0.0,49067.0,2.0,0.0,289.0,1.0,0.0,256.0,0.54,33.0,,,,,,,,,91.8,7.06
3870,2027,projected,,,,,,,,,,,,,,,,,,,,,,,,,,,,
3870,2027,actual,,,,,,,,,,,,,,,,,,,,,,,,,,,,
5111,2023,projected,26.0,0.0,0.0,14.0,3.17,42.0,45.0,0.9,0.0,160173.0,5.0,0.0,1441.0,3.0,0.0,1301.0,0.31,141.0,,,383.0,,,,,,334.3,7.43
5111,2023,actual,24.0,0.0,0.0,15.0,3.55,42.0,41.0,0.89,0.0,147025.0,3.0,0.0,1335.0,1.0,0.0,1190.0,0.36,145.0,,,,,,,,,291.0,7.1
5111,2024,projected,,,,,,,,,,,,,,,,,,,,,,,,,,,,
5111,2024,actual,18.0,0.0,0.0,12.0,3.44,34.0,33.0,0.9,0.0,119213.0,4.0,0.0,1087.0,0.0,0.0,973.0,0.35,114.0,,,,,,,,,243.9,7.39
5111,2025,projected,,,,,,,,,,,,,,,,,,,,,,,,,,,,
5111,2025,actual,16.0,0.0,0.0,13.0,2.66,31.0,29.0,0.91,0.0,104290.0,1.0,0.0,819.0,4.0,0.0,744.0,0.43,77.0,,,,,,,,,227.2,7.83
5111,2026,projected,,,,,,,,,,,,,,,,,,,,,,,,,,,,
5111,2026,actual,17.0,0.0,0.0,17.0,2.74,37.0,36.0,0.9,0.0,131194.0,2.0,0.0,1031.0,1.0,0.0,932.0,0.47,100.0,,,,,,,,,274.6,7.63
5111,2027,projected,17.0,,,17.0,2.83,37.0,34.0,0.91,,127352.0,2.0,,1075.0,2.0,,974.0,0.47,100.0,,,,,,,,,291.2,8.56
5111,2027,actual,,,,,,,,,,,,,,,,,,,,,,,,,,,,
5452,2023,projected,17.0,0.0,0.0,36.0,2.27,59.0,62.0,0.92,0.0,220683.0,9.0,0.0,1726.0,7.0,0.0,1587.0,0.58,139.0,,,9.0,,,,,,591.1,9.53
5452,2023,actual,21.0,0.0,0.0,23.0,2.92,59.0,58.0,0.89,0.0,204650.0,12.0,0.0,1542.0,1.0,0.0,1376.0,0.41,166.0,,,,,,,,,403.8,6.96
5452,2024,projected,24.0,0.0,0.0,26.0,2.72,58.0,58.0,0.9,0.0,206445.0,8.0,0.0,1612.0,4.0,0.0,1456.0,0.45,156.0,,,,,,1.0,1.0,,452.8,7.81
5452,2024,actual,23.0,0.0,0.0,23.0,2.78,48.0,48.0,0.91,0.0,169867.0,2.0,0.0,1379.0,2.0,0.0,1248.0,0.48,131.0,,,,,,,,,372.4,7.76
5452,2025,projected,19.0,,,28.0,0.05,,54.0,0.91,,192208.0,7.0,,1673.0,3.0,,1526.0,0.52,147.0,,,,,,1.0,1.0,,492.8,9.13
5452,2025,actual,16.0,0.0,0.0,26.0,2.5,49.0,49.0,0.9,0.0,174181.0,6.0,0.0,1214.0,4.0,0.0,1093.0,0.54,121.0,,,,,,,,,380.9,7.77
5452,2026,projected,17.0,,,27.0,2.76,48.0,48.0,0.9,,170784.0,4.0,,1293.0,4.0,,1162.0,0.56,131.0,,,,,,,,,390.6,8.14
5452,2026,actual,19.0,0.0,0.0,23.0,3.07,44.0,43.0,0.88,0.0,152641.0,1.0,0.0,1113.0,1.0,0.0,983.0,0.53,130.0,,,,,,,,,290.9,6.77
5452,2027,projected,18.0,,,25.0,2.84,46.0,44.0,0.89,,159498.0,2.0,,1161.0,2.0,,1035.0,0.56,126.0,,,,,,,,,330.5,7.51
5452,2027,actual,,,,,,,,,,,,,,,,,,,,,,,,,,,,
5524,2023,projected,,,,,,,,,,,,,,,,,,,,,,,,,,,,
5524,2023,actual,,,,,,,,,,,,,,,,,,,,,,,,,,,,
5524,2024,projected,,,,,,,,,,,,,,,,,,,,,,,,,,,,
5524,2024,actual,7.0,0.0,0.0,12.0,2.45,23.0,20.0,0.91,0.0,77781.0,1.0,0.0,580.0,1.0,0.0,527.0,0.6,53.0,,,,,,,,,177.1,8.86
5524,2025,projected,,,,,,,,,,,,,,,,,,,,,,,,,,,,
5524,2025,actual,10.0,0.0,0.0,22.0,2.71,36.0,31.0,0.9,0.0,112903.0,1.0,0.0,849.0,0.0,0.0,764.0,0.67,85.0,,,,,,,,,269.2,8.68
5524,2026,projected,,,,,,,,,,,,,,,,,,,,,,,,,,,,
5524,2026,actual,6.0,0.0,0.0,5.0,3.68,16.0,13.0,0.87,0.0,51848.0,2.0,0.0,410.0,0.0,0.0,357.0,0.38,53.0,,,,,,,,,84.1,6.47
5524,2027,projected,,,,,,,,,,,,,,,,,,,,,,,,,,,,
5524,2027,actual,,,,,,,,,,,,,,,,,,,,,,,,,,,,
5571,2023,projected,9.0,0.0,0.0,36.0,2.63,50.0,50.0,0.91,0.0,177970.0,5.0,0.0,1479.0,3.0,0.0,1349.0,0.72,130.0,,,57.0,,,,,,508.7,10.17
5571,2023,actual,20.0,0.0,0.0,24.0,3.07,50.0,49.0,0.9,0.0,170062.0,3.0,0.0,1467.0,1.0,0.0,1322.0,0.51,145.0,,,,,,,,,388.6,7.93
5571,2024,projected,11.0,0.0,0.0,19.0,2.67,33.0,33.0,0.91,0.0,117460.0,3.0,0.0,988.0,3.0,0.0,901.0,0.58,87.0,,,,,,1.0,1.0,,307.3,9.31
5571,2024,actual,17.0,0.0,0.0,36.0,2.37,58.0,58.0,0.91,0.0,204854.0,4.0,0.0,1584.0,6.0,0.0,1449.0,0.63,135.0,,,,,,,,,534.7,9.22
5571,2025,projected,15.0,,,40.0,0.04,,60.0,0.91,,213564.0,5.0,,1697.0,5.0,,1551.0,0.67,146.0,,,,,,1.0,1.0,,579.3,9.65
5571,2025,actual,19.0,0.0,0.0,33.0,2.44,54.0,54.0,0.91,0.0,191999.0,2.0,0.0,1377.0,5.0,0.0,1247.0,0.61,130.0,,,,,,,,,449.1,8.32
5571,2026,projected,17.0,,,35.0,2.4,56.0,56.0,0.91,,199248.0,4.0,,1499.0,5.0,,1366.0,0.62,133.0,,,,,,3.0,3.0,,501.8,8.96
5571,2026,actual,23.0,0.0,0.0,27.0,3.07,52.0,51.0,0.88,0.0,180579.0,1.0,0.0,1250.0,4.0,0.0,1096.0,0.53,154.0,,,,,,,,,332.8,6.53
5571,2027,projected,24.0,,,31.0,2.92,54.0,55.0,0.88,,184636.0,1.0,,1289.0,5.0,,1139.0,0.55,150.0,,,,,,,,,376.7,6.85
5571,2027,actual,,,,,,,,,,,,,,,,,,,,,,,,,,,,
5619,2023,projected,22.0,0.0,0.0,11.0,3.84,39.0,40.0,0.88,0.0,142376.0,7.0,0.0,1326.0,1.0,0.0,1172.0,0.28,152.0,,,416.0,,,,,,268.6,6.71
5619,2023,actual,22.0,0.0,0.0,10.0,3.66,39.0,38.0,0.89,0.0,129910.0,3.0,0.0,1248.0,0.0,0.0,1116.0,0.29,132.0,,,,,,,,,249.8,6.57
5619,2024,projected,,,,,,,,,,,,,,,,,,,,,,,,,,,,
5619,2024,actual,31.0,0.0,0.0,18.0,3.05,56.0,53.0,0.91,0.0,189160.0,4.0,0.0,1724.0,1.0,0.0,1565.0,0.34,160.0,,,,,,,,,402.5,7.59
5619,2025,projected,31.0,,,16.0,0.05,,53.0,0.9,,188648.0,6.0,,1699.0,1.0,,1528.0,0.3,171.0,,,,,,,,,374.4,7.06
5619,2025,actual,21.0,0.0,0.0,12.0,3.35,38.0,38.0,0.89,0.0,124807.0,2.0,0.0,1066.0,1.0,0.0,950.0,0.34,116.0,,,,,,,,,230.0,6.05
5619,2026,projected,8.0,,,9.0,3.28,21.0,21.0,0.9,,74718.0,4.0,,671.0,1.0,,603.0,0.43,68.0,,,,,,,,,174.9,8.33
5619,2026,actual,5.0,0.0,0.0,3.0,4.07,10.0,8.0,0.86,0.0,30953.0,0.0,0.0,247.0,0.0,0.0,212.0,0.38,35.0,,,,,,,,,41.6,5.2
5619,2027,projected,,,,,,,,,,,,,,,,,,,,,,,,,,,,
5619,2027,actual,,,,,,,,,,,,,,,,,,,,,,,,,,,,
5622,2023,projected,6.0,0.0,0.0,12.0,2.9,21.0,22.0,0.91,0.0,78307.0,4.0,0.0,719.0,2.0,0.0,656.0,0.55,63.0,,,364.0,,,,,,219.8,9.99
5622,2023,actual,8.0,0.0,0.0,9.0,2.72,21.0,18.0,0.92,0.0,67606.0,3.0,0.0,603.0,1.0,0.0,552.0,0.45,51.0,,,,,,,,,173.6,9.64
5622,2024,projected,,,,,,,,,,,,,,,,,,,,,,,,,,,,
5622,2024,actual,7.0,0.0,0.0,16.0,2.85,32.0,28.0,0.9,0.0,107348.0,5.0,0.0,844.0,0.0,0.0,759.0,0.57,85.0,,,,,,,,,246.7,8.81
5622,2025,projected,,,,,,,,,,,,,,,,,,,,,,,,,,,,
5622,2025,actual,6.0,0.0,0.0,14.0,2.29,23.0,21.0,0.91,0.0,78632.0,1.0,0.0,544.0,2.0,0.0,494.0,0.67,50.0,,,,,,,,,187.2,8.91
5622,2026,projected,,,,,,,,,,,,,,,,,,,,,,,,,,,,
5622,2026,actual,6.0,0.0,0.0,31.0,2.02,45.0,43.0,0.92,0.0,152944.0,6.0,0.0,1093.0,4.0,0.0,1007.0,0.72,86.0,,,,,,,,,430.1,10.0
5622,2027,projected,7.0,,,28.0,2.12,42.0,41.0,0.92,,142841.0,6.0,,992.0,3.0,,908.0,0.68,84.0,,,,,,,,,379.4,9.25
5622,2027,actual,,,,,,,,,,,,,,,,,,,,,,,,,,,,
5657,2023,projected,29.0,0.0,0.0,23.0,2.68,39.0,57.0,0.9,0.0,202886.0,5.0,0.0,1533.0,3.0,0.0,1382.0,0.4,151.0,,,328.0,,3.0,,,,399.6,7.01
5657,2023,actual,14.0,0.0,0.0,17.0,2.85,39.0,36.0,0.89,0.0,123937.0,4.0,0.0,930.0,0.0,0.0,832.0,0.49,98.0,,,,,3.0,,,,251.6,6.99
5657,2024,projected,,,,,,,,,,,,,,,,,,,,,,,,,,,,
5657,2024,actual,16.0,0.0,0.0,14.0,2.85,36.0,34.0,0.9,0.0,119796.0,2.0,0.0,941.0,2.0,0.0,846.0,0.44,95.0,,,,,,,,,240.8,7.08
5657,2025,projected,18.0,,,19.0,0.05,,44.0,0.9,,156614.0,7.0,,1308.0,3.0,,1180.0,0.43,128.0,,,,,,,,,355.0,8.07
5657,2025,actual,17.0,0.0,0.0,8.0,3.49,26.0,26.0,0.88,0.0,87629.0,1.0,0.0,681.0,0.0,0.0,596.0,0.31,85.0,,,,,,,,,127.8,4.92
5657,2026,projected,14.0,,,10.0,3.46,26.0,26.0,0.88,,92508.0,2.0,,741.0,1.0,,652.0,0.38,89.0,,,,,,,,,162.6,6.25
5657,2026,actual,12.0,0.0,0.0,13.0,2.65,32.0,28.0,0.91,0.0,107466.0,4.0,0.0,866.0,0.0,0.0,787.0,0.45,79.0,,,,,,,,,235.1,8.4
5657,2027,projected,11.0,,,12.0,2.65,30.0,26.0,0.91,,99078.0,4.0,,798.0,,,725.0,0.44,73.0,,,,,,,,,217.5,8.37
5657,2027,actual,,,,,,,,,,,,,,,,,,,,,,,,,,,,
5734,2023,projected,13.0,0.0,0.0,22.0,3.01,36.0,40.0,0.91,0.0,142376.0,5.0,0.0,1324.0,2.0,0.0,1205.0,0.55,119.0,,,255.0,,,,,,384.5,9.61
5734,2023,actual,14.0,0.0,0.0,17.0,2.93,36.0,32.0,0.9,0.0,116820.0,2.0,0.0,935.0,1.0,0.0,840.0,0.52,95.0,,,,,,,,,255.0,7.97
5734,2024,projected,19.0,0.0,0.0,24.0,2.65,47.0,47.0,0.91,0.0,167292.0,3.0,0.0,1316.0,3.0,0.0,1193.0,0.51,123.0,,,,,,,,,380.9,8.1
5734,2024,actual,20.0,0.0,0.0,27.0,2.5,54.0,52.0,0.91,0.0,186967.0,6.0,0.0,1490.0,3.0,0.0,1361.0,0.51,130.0,,,,,,,,,450.3,8.66
5734,2025,projected,18.0,,,25.0,0.05,,48.0,0.91,,170851.0,5.0,,1503.0,2.0,,1374.0,0.52,129.0,,,,,,,,,438.2,9.13
5734,2025,actual,19.0,0.0,0.0,21.0,2.93,47.0,43.0,0.9,0.0,158530.0,5.0,0.0,1295.0,2.0,0.0,1167.0,0.47,129.0,,,,,,,,,351.1,8.17
5734,2026,projected,14.0,,,19.0,3.09,37.0,37.0,0.9,,131646.0,4.0,,1103.0,2.0,,990.0,0.51,113.0,,,,,,,,,304.0,8.22
5734,2026,actual,9.0,0.0,0.0,12.0,3.19,34.0,25.0,0.88,0.0,105011.0,6.0,0.0,797.0,0.0,0.0,704.0,0.44,93.0,,,,,,,,,199.2,7.97
5734,2027,projected,9.0,,,12.0,3.18,35.0,26.0,0.88,,108626.0,6.0,,825.0,,,728.0,0.44,96.0,,,,,,,,,203.4,7.82
5734,2027,actual,,,,,,,,,,,,,,,,,,,,,,,,,,,,
2517899,2023,projected,14.0,0.0,0.0,34.0,2.37,34.0,52.0,0.92,0.0,185089.0,4.0,0.0,1468.0,4.0,0.0,1346.0,0.65,122.0,,,44.0,,,,,,499.8,9.61
2517899,2023,actual,11.0,0.0,0.0,21.0,2.48,34.0,33.0,0.9,0.0,119061.0,1.0,0.0,849.0,1.0,0.0,767.0,0.64,82.0,,,,,,,,,270.1,8.18
2517899,2024,projected,14.0,0.0,0.0,27.0,2.39,44.0,44.0,0.91,0.0,156614.0,3.0,0.0,1145.0,3.0,0.0,1041.0,0.61,104.0,,,,,,1.0,1.0,,377.3,8.58
2517899,2024,actual,2.0,0.0,0.0,13.0,1.84,16.0,16.0,0.93,0.0,54773.0,0.0,0.0,410.0,3.0,0.0,382.0,0.87,28.0,,,,,,,,,174.6,10.91
2517899,2025,projected,11.0,,,29.0,0.04,,47.0,0.92,,167292.0,7.0,,1487.0,3.0,,1369.0,0.62,118.0,,,,,,1.0,1.0,,488.7,10.4
2517899,2025,actual,8.0,0.0,0.0,13.0,2.5,22.0,22.0,0.9,0.0,79171.0,1.0,0.0,546.0,1.0,0.0,491.0,0.59,55.0,,,,,,,,,169.3,7.7
2517899,2026,projected,11.0,,,30.0,2.49,43.0,43.0,0.9,,152994.0,2.0,,1064.0,4.0,,958.0,0.7,106.0,,,,,,1.0,1.0,,372.4,8.66
2517899,2026,actual,14.0,0.0,0.0,16.0,3.05,35.0,35.0,0.87,0.0,126112.0,5.0,0.0,849.0,0.0,0.0,742.0,0.46,107.0,,,,,,,,,212.6,6.07
2517899,2027,projected,11.0,,,12.0,3.06,28.0,28.0,0.88,,98829.0,4.0,,665.0,,,582.0,0.44,84.0,,,,,,,,,163.6,5.84
2517899,2027,actual,,,,,,,,,,,,,,,,,,,,,,,,,,,,
2590824,2023,projected,28.0,0.0,0.0,22.0,3.12,53.0,58.0,0.9,0.0,206445.0,8.0,0.0,1855.0,2.0,0.0,1676.0,0.38,179.0,,,332.0,,1.0,,,,459.8,7.93
2590824,2023,actual,31.0,0.0,0.0,14.0,3.99,53.0,52.0,0.9,0.0,180295.0,8.0,0.0,1983.0,1.0,0.0,1783.0,0.26,200.0,,,,,1.0,,,,415.9,8.0
2590824,2024,projected,26.0,0.0,0.0,18.0,3.72,53.0,53.0,0.9,0.0,188648.0,9.0,0.0,2021.0,2.0,0.0,1826.0,0.34,195.0,,,,,,2.0,2.0,,469.8,8.86
2590824,2024,actual,27.0,0.0,0.0,13.0,3.54,46.0,44.0,0.89,0.0,153689.0,2.0,0.0,1343.0,0.0,0.0,1192.0,0.31,151.0,,,,,,,,,263.6,5.99
2590824,2025,projected,24.0,,,19.0,0.06,,47.0,0.9,,167292.0,4.0,,1693.0,2.0,,1531.0,0.4,162.0,,,,,,2.0,2.0,,407.3,8.67
2590824,2025,actual,11.0,0.0,0.0,11.0,2.77,29.0,28.0,0.91,0.0,93729.0,2.0,0.0,811.0,0.0,0.0,740.0,0.46,72.0,,,,,,,,,211.0,7.54
2590824,2026,projected,19.0,,,22.0,3.04,43.0,43.0,0.9,,152994.0,2.0,,1298.0,3.0,,1169.0,0.51,129.0,,,,,,2.0,2.0,,352.7,8.2
2590824,2026,actual,22.0,0.0,0.0,29.0,2.72,57.0,57.0,0.9,0.0,190874.0,4.0,0.0,1461.0,4.0,0.0,1317.0,0.53,144.0,,,,,,,,,431.1,7.56
2590824,2027,projected,23.0,,,26.0,2.8,53.0,52.0,0.9,,175847.0,3.0,,1401.0,3.0,,1264.0,0.5,137.0,,,,,,,,,396.2,7.62
2590824,2027,actual,,,,,,,,,,,,,,,,,,,,,,,,,,,,
2590874,2023,projected,20.0,0.0,0.0,31.0,2.84,61.0,58.0,0.91,0.0,206445.0,7.0,0.0,1803.0,4.0,0.0,1640.0,0.53,163.0,,,108.0,,,,,,532.0,9.17
2590874,2023,actual,27.0,0.0,0.0,27.0,3.31,61.0,60.0,0.89,0.0,210963.0,6.0,0.0,1826.0,2.0,0.0,1632.0,0.45,194.0,,,,,,,,,456.6,7.61
2590874,2024,projected,,,,,,,,,,,,,,,,,,,,,,,,,,,,
2590874,2024,actual,21.0,0.0,0.0,28.0,2.84,57.0,55.0,0.91,0.0,197489.0,5.0,0.0,1785.0,3.0,0.0,1629.0,0.52,156.0,,,,,,,,,506.7,9.21
2590874,2025,projected,25.0,,,31.0,0.05,,60.0,0.9,,213564.0,4.0,,1957.0,3.0,,1766.0,0.52,191.0,,,,,,,,,523.8,8.73
2590874,2025,actual,22.0,0.0,0.0,28.0,2.69,56.0,54.0,0.9,0.0,194339.0,5.0,0.0,1457.0,3.0,0.0,1312.0,0.51,145.0,,,,,,,,,421.6,7.81
2590874,2026,projected,24.0,,,30.0,2.73,59.0,59.0,0.9,,209922.0,5.0,,1669.0,3.0,,1510.0,0.51,159.0,,,,,,,,,477.0,8.08
2590874,2026,actual,20.0,0.0,0.0,13.0,3.33,41.0,39.0,0.87,0.0,138468.0,7.0,0.0,1010.0,1.0,0.0,882.0,0.33,128.0,,,,,,,,,219.6,5.63
2590874,2027,projected,23.0,,,17.0,2.94,47.0,44.0,0.89,,164239.0,7.0,,1253.0,1.0,,1119.0,0.36,134.0,,,,,,,,,305.7,6.95
2590874,2027,actual,,,,,,,,,,,,,,,,,,,,,,,,,,,,
2610321,2023,projected,18.0,0.0,0.0,32.0,2.38,57.0,56.0,0.92,0.0,199326.0,6.0,0.0,1642.0,5.0,0.0,1510.0,0.57,132.0,,,28.0,,,,,,533.0,9.52
2610321,2023,actual,26.0,0.0,0.0,22.0,2.87,57.0,56.0,0.91,0.0,193427.0,7.0,0.0,1674.0,5.0,0.0,1520.0,0.4,154.0,,,,,,,,,449.0,8.02
2610321,2024,projected,24.0,0.0,0.0,21.0,2.79,53.0,53.0,0.91,0.0,188648.0,8.0,0.0,1554.0,3.0,0.0,1408.0,0.4,146.0,,,,,,,,,414.4,7.82
2610321,2024,actual,14.0,0.0,0.0,13.0,3.31,33.0,30.0,0.89,0.0,111992.0,3.0,0.0,940.0,1.0,0.0,837.0,0.43,103.0,,,,,,,,,225.1,7.5
2610321,2025,projected,18.0,,,23.0,0.05,,46.0,0.9,,163732.0,5.0,,1447.0,3.0,,1301.0,0.5,146.0,,,,,,,,,391.3,8.51
2610321,2025,actual,11.0,0.0,0.0,31.0,2.02,50.0,50.0,0.92,0.0,178419.0,7.0,0.0,1267.0,5.0,0.0,1168.0,0.63,100.0,,,,,,,,,466.4,9.33
2610321,2026,projected,18.0,,,34.0,2.4,56.0,56.0,0.91,,199248.0,4.0,,1473.0,5.0,,1340.0,0.61,133.0,,,,,,,,,487.0,8.7
2610321,2026,actual,14.0,0.0,0.0,19.0,2.78,50.0,50.0,0.89,0.0,173274.0,15.0,0.0,1234.0,3.0,0.0,1100.0,0.4,134.0,,,,,,,,,353.0,7.06
2610321,2027,projected,15.0,,,20.0,2.68,50.0,50.0,0.9,,170500.0,12.0,,1265.0,3.0,,1138.0,0.43,127.0,,,,,,,,,367.4,7.35
2610321,2027,actual,,,,,,,,,,,,,,,,,,,,,,,,,,,,
2976847,2023,projected,16.0,0.0,0.0,40.0,2.32,60.0,62.0,0.92,0.0,220683.0,6.0,0.0,1826.0,5.0,0.0,1684.0,0.65,142.0,,,5.0,,,,,,625.2,10.08
2976847,2023,actual,22.0,0.0,0.0,34.0,2.65,60.0,60.0,0.92,0.0,215785.0,4.0,0.0,1875.0,4.0,0.0,1716.0,0.57,159.0,,,,,,,,,565.8,9.43
2976847,2024,projected,16.0,0.0,0.0,27.0,2.64,46.0,46.0,0.92,0.0,163732.0,3.0,0.0,1430.0,3.0,0.0,1310.0,0.59,120.0,,,,,,1.0,1.0,,440.0,9.57
2976847,2024,actual,20.0,0.0,0.0,30.0,2.9,52.0,52.0,0.9,0.0,183772.0,2.0,0.0,1477.0,2.0,0.0,1329.0,0.58,148.0,,,,,,,,,424.7,8.17
2976847,2025,projected,19.0,,,40.0,0.04,,64.0,0.93,,227802.0,5.0,,2104.0,5.0,,1950.0,0.62,154.0,,,,,,1.0,1.0,,687.0,10.73
2976847,2025,actual,20.0,0.0,0.0,38.0,2.18,63.0,63.0,0.92,0.0,224585.0,5.0,0.0,1716.0,6.0,0.0,1581.0,0.6,136.0,,,,,,,,,585.3,9.29
2976847,2026,projected,20.0,,,40.0,2.63,65.0,65.0,0.91,,231270.0,5.0,,1872.0,6.0,,1703.0,0.62,169.0,,,,,,2.0,2.0,,600.9,9.24
2976847,2026,actual,15.0,0.0,0.0,39.0,2.31,58.0,58.0,0.91,0.0,205845.0,4.0,0.0,1483.0,2.0,0.0,1353.0,0.67,132.0,,,,,,,,,512.9,8.84
2976847,2027,projected,16.0,,,41.0,2.43,59.0,59.0,0.91,,204427.0,4.0,,1490.0,3.0,,1352.0,0.67,138.0,,,,,,,,,521.6,8.84
2976847,2027,actual,,,,,,,,,,,,,,,,,,,,,,,,,,,,
3020225,2023,projected,24.0,0.0,0.0,34.0,2.81,64.0,64.0,0.92,0.0,227802.0,6.0,0.0,2085.0,4.0,0.0,1907.0,0.53,178.0,,,39.0,,,,,,608.1,9.5
3020225,2023,actual,25.0,0.0,0.0,37.0,2.49,64.0,64.0,0.92,0.0,226680.0,2.0,0.0,1964.0,4.0,0.0,1807.0,0.58,157.0,,,,,,,,,604.1,9.44
3020225,2024,projected,24.0,0.0,0.0,37.0,2.52,65.0,65.0,0.92,0.0,231361.0,4.0,0.0,1997.0,5.0,0.0,1835.0,0.57,162.0,,,,,,1.0,1.0,,618.5,9.52
3020225,2024,actual,19.0,0.0,0.0,37.0,2.39,60.0,60.0,0.92,0.0,214040.0,4.0,0.0,1798.0,5.0,0.0,1656.0,0.62,142.0,,,,,,,,,589.8,9.83
3020225,2025,projected,22.0,,,38.0,0.04,,64.0,0.92,,227802.0,4.0,,2047.0,5.0,,1892.0,0.59,155.0,,,,,,1.0,1.0,,650.6,10.17
3020225,2025,actual,12.0,0.0,0.0,47.0,2.0,63.0,62.0,0.92,0.0,224482.0,3.0,0.0,1664.0,8.0,0.0,1539.0,0.76,125.0,,,,,,,,,647.7,10.45
3020225,2026,projected,15.0,,,42.0,2.15,62.0,62.0,0.92,,220596.0,5.0,,1759.0,6.0,,1627.0,0.68,132.0,,,,,,1.0,1.0,,632.1,10.2
3020225,2026,actual,23.0,0.0,0.0,23.0,2.86,57.0,57.0,0.9,0.0,204087.0,11.0,0.0,1547.0,0.0,0.0,1385.0,0.4,162.0,,,,,,,,,401.5,7.04
3020225,2027,projected,22.0,,,29.0,2.56,59.0,56.0,0.9,,220654.0,8.0,,1548.0,2.0,,1391.0,0.49,157.0,,,,,,,,,444.3,7.93
3020225,2027,actual,,,,,,,,,,,,,,,,,,,,,,,,,,,,
3025540,2023,projected,7.0,0.0,0.0,12.0,2.82,38.0,24.0,0.91,0.0,85426.0,5.0,0.0,774.0,3.0,0.0,707.0,0.5,67.0,,,352.0,,,,,,237.1,9.88
3025540,2023,actual,16.0,0.0,0.0,15.0,3.17,38.0,33.0,0.9,0.0,123957.0,4.0,0.0,1142.0,0.0,0.0,1033.0,0.43,109.0,,,,,,,,,286.9,8.69
3025540,2024,projected,,,,,,,,,,,,,,,,,,,,,,,,,,,,
3025540,2024,actual,9.0,0.0,0.0,12.0,2.89,29.0,27.0,0.9,0.0,99809.0,6.0,0.0,759.0,1.0,0.0,680.0,0.44,80.0,,,,,,,,,209.0,7.74
3025540,2025,projected,,,,,,,,,,,,,,,,,,,,,,,,,,,,
3025540,2025,actual,8.0,0.0,0.0,14.0,2.59,27.0,24.0,0.91,0.0,90270.0,2.0,0.0,761.0,2.0,0.0,696.0,0.58,65.0,,,,,,,,,233.8,9.74
3025540,2026,projected,,,,,,,,,,,,,,,,,,,,,,,,,,,,
3025540,2026,actual,8.0,0.0,0.0,15.0,2.43,30.0,28.0,0.91,0.0,105300.0,6.0,0.0,760.0,1.0,0.0,689.0,0.52,71.0,,,,,,,,,239.7,8.56
3025540,2027,projected,,,,,,,,,,,,,,,,,,,,,,,,,,,,
3025540,2027,actual,,,,,,,,,,,,,,,,,,,,,,,,,,,,
3036851,2023,projected,16.0,0.0,0.0,22.0,2.87,28.0,42.0,0.91,0.0,149495.0,4.0,0.0,1380.0,2.0,0.0,1261.0,0.52,119.0,,,207.0,,,,,,395.3,9.41
3036851,2023,actual,11.0,0.0,0.0,11.0,3.26,28.0,25.0,0.9,0.0,88303.0,2.0,0.0,817.0,2.0,0.0,737.0,0.46,80.0,,,,,,,,,210.1,8.4
3036851,2024,projected,,,,,,,,,,,,,,,,,,,,,,,,,,,,
3036851,2024,actual,12.0,0.0,0.0,15.0,3.21,30.0,28.0,0.89,0.0,94185.0,0.0,0.0,765.0,2.0,0.0,681.0,0.56,84.0,,,,,,,,,206.3,7.37
3036851,2025,projected,,,,,,,,,,,,,,,,,,,,,,,,,,,,
3036851,2025,actual,12.0,0.0,0.0,11.0,2.72,30.0,27.0,0.9,0.0,100592.0,3.0,0.0,768.0,3.0,0.0,692.0,0.42,76.0,,,,,,,,,206.6,7.65
3036851,2026,projected,,,,,,,,,,,,,,,,,,,,,,,,,,,,
3036851,2026,actual,12.0,0.0,0.0,16.0,2.57,36.0,31.0,0.91,0.0,121926.0,5.0,0.0,952.0,3.0,0.0,866.0,0.48,87.0,,,,,,,,,283.8,9.15
3036851,2027,projected,12.0,,,16.0,2.53,36.0,32.0,0.91,,118194.0,4.0,,947.0,2.0,,864.0,0.5,83.0,,,,,,,,,280.2,8.76
3036851,2027,actual,,,,,,,,,,,,,,,,,,,,,,,,,,,,
3042020,2023,projected,18.0,0.0,0.0,35.0,2.44,47.0,58.0,0.92,0.0,206445.0,5.0,0.0,1776.0,4.0,0.0,1636.0,0.6,140.0,,,12.0,,,,,,573.8,9.89
3042020,2023,actual,13.0,0.0,0.0,24.0,2.9,47.0,47.0,0.91,0.0,159002.0,7.0,0.0,1414.0,2.0,0.0,1286.0,0.55,128.0,,,,,,,,,417.8,8.89
3042020,2024,projected,17.0,0.0,0.0,31.0,2.76,55.0,55.0,0.91,0.0,195767.0,7.0,0.0,1650.0,3.0,0.0,1500.0,0.56,150.0,,,,,,1.0,1.0,,502.0,9.13
3042020,2024,actual,25.0,0.0,0.0,19.0,2.91,51.0,48.0,0.9,0.0,164438.0,5.0,0.0,1369.0,6.0,0.0,1236.0,0.39,133.0,,,,,,,,,365.8,7.62
3042020,2025,projected,20.0,,,26.0,0.05,,50.0,0.9,,177970.0,4.0,,1445.0,6.0,,1303.0,0.52,142.0,,,,,,1.0,1.0,,420.9,8.42
3042020,2025,actual,12.0,0.0,0.0,16.0,3.12,36.0,35.0,0.89,0.0,121194.0,6.0,0.0,971.0,2.0,0.0,867.0,0.47,105.0,,,,,,,,,265.1,7.57
3042020,2026,projected,25.0,,,23.0,3.15,51.0,51.0,0.9,,181458.0,3.0,,1578.0,4.0,,1419.0,0.45,159.0,,,,,,1.0,2.0,1.0,404.7,7.94
3042020,2026,actual,9.0,0.0,0.0,18.0,3.32,33.0,29.0,0.88,0.0,106417.0,3.0,0.0,832.0,2.0,0.0,734.0,0.6,98.0,,,,,,,,,238.2,8.21
3042020,2027,projected,13.0,,,20.0,3.24,39.0,37.0,0.89,,127933.0,4.0,,1045.0,3.0,,930.0,0.54,115.0,,,,,,,,,295.0,7.97
3042020,2027,actual,,,,,,,,,,,,,,,,,,,,,,,,,,,,
3042057,2023,projected,15.0,0.0,0.0,13.0,3.24,19.0,30.0,0.9,0.0,106782.0,2.0,0.0,992.0,1.0,0.0,896.0,0.43,96.0,,,388.0,,,,,,245.8,8.19
3042057,2023,actual,9.0,0.0,0.0,9.0,3.67,19.0,19.0,0.89,0.0,66719.0,1.0,0.0,594.0,1.0,0.0,526.0,0.47,68.0,,,,,,,,,141.8,7.46
3042057,2024,projected,,,,,,,,,,,,,,,,,,,,,,,,,,,,
3042057,2024,actual,7.0,0.0,0.0,2.0,3.69,10.0,10.0,0.87,0.0,31194.0,0.0,0.0,254.0,0.0,0.0,222.0,0.22,32.0,,,,,,,,,39.6,3.96
3042057,2025,projected,,,,,,,,,,,,,,,,,,,,,,,,,,,,
3042057,2025,actual,10.0,0.0,0.0,9.0,2.39,20.0,20.0,0.91,0.0,70773.0,1.0,0.0,547.0,2.0,0.0,500.0,0.45,47.0,,,,,,,,,158.0,7.9
3042057,2026,projected,,,,,,,,,,,,,,,,,,,,,,,,,,,,
3042057,2026,actual,11.0,0.0,0.0,12.0,3.13,25.0,24.0,0.89,0.0,82890.0,1.0,0.0,654.0,0.0,0.0,582.0,0.5,72.0,,,,,,,,,166.6,6.94
3042057,2027,projected,,,,,,,,,,,,,,,,,,,,,,,,,,,,
3042057,2027,actual,,,,,,,,,,,,,,,,,,,,,,,,,,,,
3042069,2023,projected,,,,,,,,,,,,,,,,,,,,,,,,,,,,
3042069,2023,actual,15.0,0.0,0.0,11.0,3.99,29.0,27.0,0.87,0.0,96611.0,1.0,0.0,830.0,0.0,0.0,723.0,0.41,107.0,,,,,,,,,163.9,6.07
3042069,2024,projected,,,,,,,,,,,,,,,,,,,,,,,,,,,,
3042069,2024,actual,9.0,0.0,0.0,7.0,3.3,19.0,16.0,0.89,0.0,64333.0,2.0,0.0,533.0,0.0,0.0,474.0,0.39,59.0,,,,,,,,,122.2,7.64
3042069,2025,projected,,,,,,,,,,,,,,,,,,,,,,,,,,,,
3042069,2025,actual,4.0,0.0,0.0,3.0,3.89,9.0,7.0,0.85,0.0,24959.0,1.0,0.0,175.0,1.0,0.0,148.0,0.38,27.0,,,,,,,,,38.4,5.49
3042069,2026,projected,,,,,,,,,,,,,,,,,,,,,,,,,,,,
3042069,2026,actual,3.0,0.0,0.0,1.0,4.13,6.0,4.0,0.86,0.0,17439.0,0.0,0.0,147.0,0.0,0.0,127.0,0.25,20.0,,,,,,,,,21.1,5.28
3042069,2027,projected,,,,,,,,,,,,,,,,,,,,,,,,,,,,
3042069,2027,actual,,,,,,,,,,,,,,,,,,,,,,,,,,,,
3042109,2023,projected,24.0,0.0,0.0,37.0,2.57,64.0,66.0,0.92,0.0,234920.0,5.0,0.0,2073.0,5.0,0.0,1911.0,0.56,168.0,,,8.0,,,,,,638.3,9.67
3042109,2023,actual,23.0,0.0,0.0,33.0,2.69,64.0,63.0,0.92,0.0,228599.0,7.0,0.0,2099.0,2.0,0.0,1928.0,0.52,171.0,,,,,,,,,611.4,9.7
3042109,2024,projected,25.0,0.0,0.0,35.0,2.73,66.0,66.0,0.92,0.0,234920.0,6.0,0.0,2196.0,4.0,0.0,2018.0,0.53,178.0,,,,,,1.0,1.0,,646.4,9.79
3042109,2024,actual,24.0,0.0,0.0,35.0,2.86,64.0,64.0,0.91,0.0,217478.0,5.0,0.0,1845.0,3.0,0.0,1672.0,0.55,173.0,,,,,,,,,541.6,8.46
3042109,2025,projected,22.0,,,37.0,0.05,,65.0,0.92,,231361.0,6.0,,2096.0,4.0,,1921.0,0.57,175.0,,,,,,1.0,1.0,,635.3,9.77
3042109,2025,actual,31.0,0.0,0.0,20.0,2.98,58.0,58.0,0.9,0.0,201469.0,6.0,0.0,1592.0,4.0,0.0,1426.0,0.35,167.0,,,,,,,,,383.8,6.62
3042109,2026,projected,27.0,,,29.0,2.8,60.0,60.0,0.9,,213480.0,4.0,,1712.0,4.0,,1546.0,0.48,166.0,,,,,,1.0,1.0,,472.8,7.88
3042109,2026,actual,22.0,0.0,0.0,28.0,3.16,59.0,59.0,0.89,0.0,205953.0,8.0,0.0,1700.0,0.0,0.0,1519.0,0.48,181.0,,,,,,,,,444.7,7.54
3042109,2027,projected,25.0,,,29.0,3.19,60.0,58.0,0.9,,206333.0,8.0,,1797.0,1.0,,1613.0,0.47,183.0,,,,,,,,,477.9,8.24
3042109,2027,actual,,,,,,,,,,,,,,,,,,,,,,,,,,,,
3067313,2023,projected,9.0,0.0,0.0,12.0,2.81,19.0,23.0,0.91,0.0,81866.0,2.0,0.0,745.0,2.0,0.0,681.0,0.52,64.0,,,362.0,,1.0,,,,217.3,9.45
3067313,2023,actual,6.0,0.0,0.0,5.0,3.73,19.0,12.0,0.9,0.0,49203.0,0.0,0.0,494.0,0.0,0.0,443.0,0.45,51.0,,,,,1.0,,,,105.9,8.83
3067313,2024,projected,,,,,,,,,,,,,,,,,,,,,,,,,,,,
3067313,2024,actual,7.0,0.0,0.0,16.0,2.03,27.0,24.0,0.93,0.0,90387.0,2.0,0.0,684.0,2.0,0.0,633.0,0.64,51.0,,,,,,,,,241.9,10.08
3067313,2025,projected,,,,,,,,,,,,,,,,,,,,,,,,,,,,
3067313,2025,actual,8.0,0.0,0.0,21.0,2.14,34.0,33.0,0.93,0.0,119214.0,3.0,0.0,955.0,4.0,0.0,884.0,0.66,71.0,,,,,,,,,337.2,10.22
3067313,2026,projected,15.0,,,24.0,2.42,43.0,43.0,0.92,,152994.0,4.0,,1289.0,3.0,,1186.0,0.56,103.0,,,,,,1.0,1.0,,405.8,9.44
3067313,2026,actual,10.0,0.0,0.0,10.0,3.28,26.0,25.0,0.89,0.0,83355.0,3.0,0.0,708.0,0.0,0.0,632.0,0.43,76.0,,,,,,,,,172.6,6.9
3067313,2027,projected,,,,,,,,,,,,,,,,,,,,,,,,,,,,
3067313,2027,actual,,,,,,,,,,,,,,,,,,,,,,,,,,,,
3067862,2023,projected,12.0,0.0,0.0,17.0,2.79,26.0,33.0,0.91,0.0,117460.0,4.0,0.0,1012.0,2.0,0.0,921.0,0.52,91.0,,,331.0,,,,,,295.3,8.95
3067862,2023,actual,8.0,0.0,0.0,14.0,3.01,26.0,26.0,0.9,0.0,88390.0,2.0,0.0,761.0,1.0,0.0,687.0,0.58,74.0,,,,,,,,,218.1,8.39
3067862,2024,projected,,,,,,,,,,,,,,,,,,,,,,,,,,,,
3067862,2024,actual,,,,,,,,,,,,,,,,,,,,,,,,,,,,
3067862,2025,projected,,,,,,,,,,,,,,,,,,,,,,,,,,,,
3067862,2025,actual,1.0,0.0,0.0,1.0,3.54,2.0,2.0,0.88,0.0,7119.0,0.0,0.0,58.0,0.0,0.0,51.0,0.5,7.0,,,,,,,,,13.3,6.65
3067862,2026,projected,,,,,,,,,,,,,,,,,,,,,,,,,,,,
3067862,2026,actual,2.0,0.0,0.0,0.0,2.21,5.0,4.0,0.92,0.0,13013.0,1.0,0.0,102.0,0.0,0.0,94.0,0.0,8.0,,,,,,,,,21.2,5.3
3067862,2027,projected,,,,,,,,,,,,,,,,,,,,,,,,,,,,
3067862,2027,actual,,,,,,,,,,,,,,,,,,,,,,,,,,,,
3069266,2023,projected,14.0,0.0,0.0,9.0,3.58,39.0,24.0,0.9,0.0,85426.0,1.0,0.0,816.0,1.0,0.0,731.0,0.38,85.0,,,397.0,,,,,,181.3,7.55
3069266,2023,actual,14.0,0.0,0.0,18.0,2.87,39.0,37.0,0.91,0.0,130317.0,4.0,0.0,1206.0,1.0,0.0,1102.0,0.5,104.0,,,,,,,,,336.6,9.1
3069266,2024,projected,20.0,0.0,0.0,26.0,2.99,51.0,51.0,0.91,0.0,181529.0,5.0,0.0,1591.0,2.0,0.0,1440.0,0.51,151.0,,,,,,,,,440.0,8.63
3069266,2024,actual,26.0,0.0,0.0,21.0,3.27,55.0,49.0,0.89,0.0,184828.0,4.0,0.0,1522.0,0.0,0.0,1354.0,0.41,168.0,,,,,,,,,350.2,7.15
3069266,2025,projected,9.0,,,16.0,0.06,,27.0,0.88,,96066.0,5.0,,759.0,1.0,,670.0,0.53,89.0,,,,,,,,,218.0,8.07
3069266,2025,actual,10.0,0.0,0.0,11.0,2.9,28.0,24.0,0.89,0.0,91791.0,3.0,0.0,693.0,3.0,0.0,619.0,0.46,74.0,,,,,,,,,188.7,7.86
3069266,2026,projected,10.0,,,13.0,3.32,25.0,25.0,0.88,,88950.0,2.0,,697.0,,,615.0,0.52,82.0,,,,,,1.0,1.0,,176.5,7.06
3069266,2026,actual,9.0,0.0,0.0,14.0,3.15,31.0,28.0,0.89,0.0,102785.0,6.0,0.0,851.0,1.0,0.0,761.0,0.48,90.0,,,,,,,,,235.3,8.4
3069266,2027,projected,14.0,,,18.0,3.23,38.0,36.0,0.89,,122412.0,6.0,,989.0,1.0,,879.0,0.47,110.0,,,,,,,,,269.7,7.49
3069266,2027,actual,,,,,,,,,,,,,,,,,,,,,,,,,,,,
3069285,2023,projected,11.0,0.0,0.0,25.0,2.45,49.0,40.0,0.92,0.0,142376.0,4.0,0.0,1166.0,1.0,0.0,1069.0,0.63,97.0,,,156.0,,,,,,378.7,9.47
3069285,2023,actual,6.0,0.0,0.0,40.0,1.89,49.0,48.0,0.94,0.0,172932.0,1.0,0.0,1457.0,2.0,0.0,1366.0,0.85,91.0,,,,,,,,,563.8,11.75
3069285,2024,projected,9.0,0.0,0.0,34.0,2.29,45.0,45.0,0.93,0.0,160173.0,2.0,0.0,1362.0,3.0,0.0,1260.0,0.76,102.0,,,,,,2.0,2.0,,489.0,10.87
3069285,2024,actual,10.0,0.0,0.0,22.0,2.57,41.0,39.0,0.92,0.0,144011.0,7.0,0.0,1207.0,2.0,0.0,1105.0,0.56,103.0,,,,,,,,,379.5,9.73
3069285,2025,projected,11.0,,,39.0,0.04,,58.0,0.92,,206445.0,8.0,,1675.0,2.0,,1536.0,0.67,139.0,,,,,,2.0,2.0,,576.8,9.94
3069285,2025,actual,14.0,0.0,0.0,25.0,2.72,44.0,43.0,0.91,0.0,148037.0,3.0,0.0,1229.0,4.0,0.0,1118.0,0.6,112.0,,,,,,,,,384.4,8.94
3069285,2026,projected,18.0,,,20.0,2.79,42.0,42.0,0.91,,149436.0,4.0,,1226.0,3.0,,1110.0,0.48,116.0,,,,,,2.0,2.0,,343.0,8.17
3069285,2026,actual,12.0,0.0,0.0,28.0,2.73,49.0,49.0,0.89,0.0,173008.0,8.0,0.0,1198.0,3.0,0.0,1067.0,0.58,131.0,,,,,,,,,381.1,7.78
3069285,2027,projected,12.0,,,29.0,2.64,49.0,49.0,0.9,,170254.0,7.0,,1250.0,3.0,,1125.0,0.6,125.0,,,,,,,,,407.5,8.32
3069285,2027,actual,,,,,,,,,,,,,,,,,,,,,,,,,,,,
3095330,2023,projected,,,,,,,,,,,,,,,,,,,,,,,,,,,,
3095330,2023,actual,6.0,0.0,0.0,24.0,2.64,37.0,35.0,0.9,0.0,125369.0,3.0,0.0,947.0,1.0,0.0,855.0,0.73,92.0,,,,,,,,,315.5,9.01
3095330,2024,projected,11.0,0.0,0.0,19.0,2.77,35.0,35.0,0.9,0.0,124579.0,5.0,0.0,951.0,1.0,0.0,855.0,0.54,96.0,,,,,,,,,282.5,8.07
3095330,2024,actual,1.0,0.0,0.0,4.0,3.16,8.0,8.0,0.87,0.0,26177.0,2.0,0.0,177.0,1.0,0.0,154.0,0.57,23.0,,,,,,,,,56.2,7.02
3095330,2025,projected,,,,,,,,,,,,,,,,,,,,,,,,,,,,
3095330,2025,actual,0.0,0.0,0.0,0.0,4.37,1.0,0.0,0.83,0.0,1649.0,0.0,0.0,12.0,0.0,0.0,10.0,0.0,2.0,,,,,,,,,1.0,
3095330,2026,projected,,,,,,,,,,,,,,,,,,,,,,,,,,,,
3095330,2026,actual,1.0,0.0,0.0,0.0,3.07,1.0,1.0,0.89,0.0,3514.0,0.0,0.0,28.0,0.0,0.0,25.0,0.0,3.0,,,,,,,,,3.5,3.5
3095330,2027,projected,,,,,,,,,,,,,,,,,,,,,,,,,,,,
3095330,2027,actual,,,,,,,,,,,,,,,,,,,,,,,,,,,,
3095975,2023,projected,9.0,0.0,0.0,14.0,2.72,31.0,26.0,0.91,0.0,92544.0,3.0,0.0,767.0,2.0,0.0,697.0,0.54,70.0,,,361.0,,1.0,,,,231.1,8.89
3095975,2023,actual,11.0,0.0,0.0,13.0,3.05,31.0,26.0,0.9,0.0,101524.0,3.0,0.0,853.0,0.0,0.0,767.0,0.48,86.0,,,,,1.0,,,,220.1,8.47
3095975,2024,projected,,,,,,,,,,,,,,,,,,,,,,,,,,,,
3095975,2024,actual,16.0,0.0,0.0,25.0,2.67,50.0,48.0,0.91,0.0,171143.0,7.0,0.0,1431.0,6.0,0.0,1304.0,0.52,127.0,,,,,,,,,443.2,9.23
3095975,2025,projected,20.0,,,26.0,0.05,,52.0,0.91,,185089.0,6.0,,1684.0,4.0,,1537.0,0.5,147.0,,,,,,,,,484.1,9.31
3095975,2025,actual,14.0,0.0,0.0,20.0,2.73,39.0,38.0,0.9,0.0,137220.0,3.0,0.0,985.0,1.0,0.0,883.0,0.54,104.0,,,,,,,,,279.9,7.37
3095975,2026,projected,10.0,,,24.0,2.76,37.0,37.0,0.9,,131646.0,3.0,,1031.0,4.0,,930.0,0.65,101.0,,,,,,,,,337.0,9.11
3095975,2026,actual,8.0,0.0,0.0,9.0,3.52,21.0,20.0,0.88,0.0,74762.0,3.0,0.0,602.0,1.0,0.0,529.0,0.45,73.0,,,,,,,,,144.7,7.23
3095975,2027,projected,,,,,,,,,,,,,,,,,,,,,,,,,,,,
3095975,2027,actual,,,,,,,,,,,,,,,,,,,,,,,,,,,,
3096217,2023,projected,20.0,0.0,0.0,36.0,2.75,32.0,63.0,0.92,0.0,224242.0,7.0,0.0,2013.0,2.0,0.0,1842.0,0.57,171.0,,,34.0,,,,,,606.6,9.63
3096217,2023,actual,14.0,0.0,0.0,14.0,3.16,32.0,32.0,0.9,0.0,112711.0,4.0,0.0,1005.0,1.0,0.0,906.0,0.44,99.0,,,,,,,,,258.8,8.09
3096217,2024,projected,22.0,0.0,0.0,31.0,2.86,59.0,59.0,0.91,0.0,210005.0,6.0,0.0,1853.0,2.0,0.0,1686.0,0.53,167.0,,,,,,2.0,2.0,,528.8,8.96
3096217,2024,actual,14.0,0.0,0.0,35.0,2.45,51.0,51.0,0.92,0.0,180953.0,2.0,0.0,1492.0,5.0,0.0,1369.0,0.69,123.0,,,,,,,,,509.7,9.99
3096217,2025,projected,14.0,,,39.0,0.04,,58.0,0.92,,206445.0,5.0,,1812.0,4.0,,1664.0,0.67,148.0,,,,,,2.0,2.0,,602.2,10.38
3096217,2025,actual,8.0,0.0,0.0,10.0,2.9,23.0,23.0,0.89,0.0,78118.0,3.0,0.0,569.0,1.0,0.0,506.0,0.48,63.0,,,,,,,,,153.8,6.69
3096217,2026,projected,17.0,,,31.0,2.86,52.0,52.0,0.9,,185016.0,4.0,,1434.0,4.0,,1287.0,0.6,147.0,,,,,,1.0,1.0,,436.1,8.39
3096217,2026,actual,10.0,0.0,0.0,8.0,2.9,20.0,20.0,0.9,0.0,66952.0,1.0,0.0,514.0,1.0,0.0,461.0,0.42,54.0,,,,,,,,,129.3,6.46
3096217,2027,projected,,,,,,,,,,,,,,,,,,,,,,,,,,,,
3096217,2027,actual,,,,,,,,,,,,,,,,,,,,,,,,,,,,
3114994,2023,projected,14.0,0.0,0.0,13.0,3.36,15.0,31.0,0.9,0.0,110341.0,4.0,0.0,1062.0,2.0,0.0,959.0,0.42,103.0,,,384.0,,,,,,268.7,8.67
3114994,2023,actual,7.0,0.0,0.0,5.0,3.53,15.0,13.0,0.89,0.0,49958.0,2.0,0.0,466.0,0.0,0.0,417.0,0.36,49.0,,,,,,,,,105.1,8.08
3114994,2024,projected,,,,,,,,,,,,,,,,,,,,,,,,,,,,
3114994,2024,actual,7.0,0.0,0.0,18.0,2.97,38.0,33.0,0.9,0.0,123628.0,7.0,0.0,1039.0,1.0,0.0,937.0,0.56,102.0,,,,,,,,,305.1,9.25
3114994,2025,projected,,,,,,,,,,,,,,,,,,,,,,,,,,,,
3114994,2025,actual,15.0,0.0,0.0,14.0,3.12,38.0,35.0,0.89,0.0,129051.0,5.0,0.0,1054.0,1.0,0.0,942.0,0.41,112.0,,,,,,,,,258.6,7.39
3114994,2026,projected,,,,,,,,,,,,,,,,,,,,,,,,,,,,
3114994,2026,actual,14.0,0.0,0.0,18.0,2.87,40.0,34.0,0.9,0.0,136678.0,4.0,0.0,1049.0,0.0,0.0,940.0,0.5,109.0,,,,,,,,,279.0,8.21
3114994,2027,projected,14.0,,,18.0,2.98,41.0,35.0,0.9,,141120.0,5.0,,1107.0,,,991.0,0.49,117.0,,,,,,,,,289.3,8.27
3114994,2027,actual,,,,,,,,,,,,,,,,,,,,,,,,,,,,
3114996,2023,projected,19.0,0.0,0.0,30.0,2.84,52.0,58.0,0.91,0.0,206445.0,9.0,0.0,1814.0,5.0,0.0,1651.0,0.52,163.0,,,100.0,,,,,,540.3,9.32
3114996,2023,actual,11.0,0.0,0.0,33.0,2.45,52.0,48.0,0.91,0.0,174934.0,4.0,0.0,1333.0,3.0,0.0,1214.0,0.69,119.0,,,,,,,,,456.2,9.5
3114996,2024,projected,14.0,0.0,0.0,32.0,2.56,51.0,51.0,0.91,0.0,181529.0,5.0,0.0,1420.0,3.0,0.0,1291.0,0.63,129.0,,,,,,1.0,1.0,,463.3,9.08
3114996,2024,actual,9.0,0.0,0.0,17.0,3.18,32.0,29.0,0.89,0.0,107509.0,3.0,0.0,862.0,0.0,0.0,767.0,0.59,95.0,,,,,,,,,237.1,8.18
3114996,2025,projected,26.0,,,13.0,0.06,,44.0,0.9,,156614.0,5.0,,1602.0,3.0,,1444.0,0.3,158.0,,,,,,1.0,1.0,,354.2,8.05
3114996,2025,actual,14.0,0.0,0.0,5.0,3.62,25.0,24.0,0.88,0.0,83618.0,4.0,0.0,724.0,1.0,0.0,640.0,0.22,84.0,,,,,,,,,140.0,5.83
3114996,2026,projected,6.0,,,6.0,3.54,14.0,14.0,0.88,,49812.0,2.0,,411.0,1.0,,362.0,0.43,49.0,,,,,,,,,99.6,7.11
3114996,2026,actual,13.0,0.0,0.0,5.0,2.93,22.0,19.0,0.88,0.0,72375.0,3.0,0.0,506.0,1.0,0.0,447.0,0.24,59.0,,,,,,,,,105.1,5.53
3114996,2027,projected,,,,,,,,,,,,,,,,,,,,,,,,,,,,
3114996,2027,actual,,,,,,,,,,,,,,,,,,,,,,,,,,,,
3115036,2023,projected,,,,,,,,,,,,,,,,,,,,,,,,,,,,
3115036,2023,actual,,,,,,,,,,,,,,,,,,,,,,,,,,,,
3115036,2024,projected,,,,,,,,,,,,,,,,,,,,,,,,,,,,
3115036,2024,actual,,,,,,,,,,,,,,,,,,,,,,,,,,,,
3115036,2025,projected,,,,,,,,,,,,,,,,,,,,,,,,,,,,
3115036,2025,actual,1.0,0.0,0.0,0.0,5.18,1.0,1.0,0.79,0.0,3477.0,0.0,0.0,24.0,0.0,0.0,19.0,0.0,5.0,,,,,,,,,-0.3,-0.3
3115036,2026,projected,,,,,,,,,,,,,,,,,,,,,,,,,,,,
3115036,2026,actual,1.0,0.0,0.0,0.0,4.22,2.0,1.0,0.81,0.0,3413.0,0.0,0.0,21.0,0.0,0.0,17.0,0.0,4.0,,,,,,,,,0.1,0.1
3115036,2027,projected,,,,,,,,,,,,,,,,,,,,,,,,,,,,
3115036,2027,actual,,,,,,,,,,,,,,,,,,,,,,,,,,,,
3115546,2023,projected,,,,,,,,,,,,,,,,,,,,,,,,,,,,
3115546,2023,actual,0.0,0.0,0.0,2.0,2.1,3.0,2.0,0.93,0.0,8577.0,0.0,0.0,73.0,0.0,0.0,68.0,1.0,5.0,,,,,,,,,27.4,13.7
3115546,2024,projected,13.0,0.0,0.0,16.0,3.03,32.0,32.0,0.91,0.0,113901.0,3.0,0.0,1009.0,1.0,0.0,913.0,0.5,96.0,,,,,,,,,273.9,8.56
3115546,2024,actual,7.0,0.0,0.0,12.0,3.37,26.0,24.0,0.89,0.0,88649.0,5.0,0.0,752.0,2.0,0.0,669.0,0.5,83.0,,,,,,,,,205.7,8.57
3115546,2025,projected,,,,,,,,,,,,,,,,,,,,,,,,,,,,
3115546,2025,actual,6.0,0.0,0.0,9.0,3.13,19.0,18.0,0.9,0.0,66615.0,3.0,0.0,554.0,1.0,0.0,496.0,0.5,58.0,,,,,,,,,151.8,8.43
3115546,2026,projected,,,,,,,,,,,,,,,,,,,,,,,,,,,,
3115546,2026,actual,10.0,0.0,0.0,11.0,3.29,25.0,23.0,0.88,0.0,85411.0,2.0,0.0,670.0,0.0,0.0,592.0,0.48,78.0,,,,,,,,,161.6,7.03
3115546,2027,projected,,,,,,,,,,,,,,,,,,,,,,,,,,,,
3115546,2027,actual,,,,,,,,,,,,,,,,,,,,,,,,,,,,
3151038,2023,projected,22.0,0.0,0.0,30.0,2.95,30.0,58.0,0.92,0.0,206445.0,6.0,0.0,1991.0,3.0,0.0,1822.0,0.52,169.0,,,67.0,,,,,,565.6,9.75
3151038,2023,actual,18.0,0.0,0.0,7.0,4.23,30.0,27.0,0.88,0.0,93612.0,2.0,0.0,889.0,0.0,0.0,779.0,0.26,110.0,,,,,,,,,153.7,5.69
3151038,2024,projected,,,,,,,,,,,,,,,,,,,,,,,,,,,,
3151038,2024,actual,17.0,0.0,0.0,13.0,3.45,41.0,40.0,0.9,0.0,135520.0,8.0,0.0,1266.0,1.0,0.0,1136.0,0.34,130.0,,,,,,,,,299.8,7.5
3151038,2025,projected,24.0,,,16.0,0.06,,46.0,0.89,,163732.0,6.0,,1463.0,1.0,,1305.0,0.35,158.0,,,,,,,,,327.5,7.12
3151038,2025,actual,21.0,0.0,0.0,26.0,3.18,53.0,52.0,0.89,0.0,190255.0,5.0,0.0,1557.0,1.0,0.0,1389.0,0.5,168.0,,,,,,,,,402.7,7.74
3151038,2026,projected,20.0,,,28.0,3.25,51.0,51.0,0.89,,181458.0,3.0,,1548.0,3.0,,1384.0,0.55,164.0,,,,,,1.0,1.0,,420.2,8.24
3151038,2026,actual,11.0,0.0,0.0,14.0,3.4,30.0,29.0,0.88,0.0,100717.0,3.0,0.0,812.0,1.0,0.0,717.0,0.5,95.0,,,,,,,,,206.1,7.11
3151038,2027,projected,14.0,,,17.0,3.37,39.0,39.0,0.89,,128058.0,4.0,,1052.0,1.0,,932.0,0.49,120.0,,,,,,,,,263.6,6.76
3151038,2027,actual,,,,,,,,,,,,,,,,,,,,,,,,,,,,
3151137,2023,projected,18.0,0.0,0.0,25.0,3.13,57.0,51.0,0.91,0.0,181529.0,8.0,0.0,1714.0,4.0,0.0,1556.0,0.49,158.0,,,199.0,,1.0,,,,480.8,9.43
3151137,2023,actual,22.0,0.0,0.0,26.0,3.11,57.0,56.0,0.9,0.0,193288.0,7.0,0.0,1603.0,4.0,0.0,1436.0,0.47,167.0,,,,,1.0,,,,434.8,7.76
3151137,2024,projected,21.0,0.0,0.0,28.0,2.91,55.0,55.0,0.9,0.0,195767.0,6.0,0.0,1577.0,4.0,0.0,1419.0,0.51,158.0,,,,,,,,,448.7,8.16
3151137,2024,actual,5.0,0.0,0.0,9.0,3.55,19.0,18.0,0.89,0.0,60775.0,2.0,0.0,556.0,0.0,0.0,496.0,0.56,60.0,,,,,,,,,143.8,7.99
3151137,2025,projected,19.0,,,24.0,0.06,,46.0,0.89,,163732.0,3.0,,1423.0,2.0,,1271.0,0.52,152.0,,,,,,,,,371.3,8.07
3151137,2025,actual,6.0,0.0,0.0,2.0,3.47,13.0,11.0,0.89,0.0,38386.0,3.0,0.0,336.0,0.0,0.0,299.0,0.18,37.0,,,,,,,,,67.7,6.15
3151137,2026,projected,,,,,,,,,,,,,,,,,,,,,,,,,,,,
3151137,2026,actual,8.0,0.0,0.0,10.0,3.25,20.0,19.0,0.88,0.0,68738.0,2.0,0.0,534.0,0.0,0.0,472.0,0.5,62.0,,,,,,,,,137.6,7.24
3151137,2027,projected,,,,,,,,,,,,,,,,,,,,,,,,,,,,
3151137,2027,actual,,,,,,,,,,,,,,,,,,,,,,,,,,,,
3151297,2023,projected,16.0,0.0,0.0,40.0,2.2,58.0,62.0,0.93,0.0,220683.0,6.0,0.0,1931.0,7.0,0.0,1796.0,0.65,135.0,,,,,,,,,673.8,10.87
3151297,2023,actual,13.0,0.0,0.0,37.0,2.48,58.0,58.0,0.92,0.0,209326.0,8.0,0.0,1719.0,3.0,0.0,1575.0,0.64,144.0,,,,,,,,,573.5,9.89
3151297,2024,projected,13.0,0.0,0.0,38.0,2.48,60.0,60.0,0.92,0.0,213564.0,9.0,0.0,1789.0,5.0,0.0,1642.0,0.63,147.0,,,,,,2.0,2.0,,607.6,10.13
3151297,2024,actual,17.0,0.0,0.0,36.0,2.58,55.0,55.0,0.91,0.0,196626.0,2.0,0.0,1606.0,4.0,0.0,1466.0,0.65,141.0,,,,,,,,,519.8,9.45
3151297,2025,projected,14.0,,,39.0,0.04,,57.0,0.92,,202886.0,4.0,,1773.0,5.0,,1634.0,0.68,139.0,,,,,,2.0,2.0,,603.2,10.58
3151297,2025,actual,29.0,0.0,0.0,27.0,2.86,61.0,61.0,0.9,0.0,210308.0,5.0,0.0,1751.0,6.0,0.0,1584.0,0.44,167.0,,,,,,,,,480.2,7.87
3151297,2026,projected,21.0,,,36.0,2.59,62.0,62.0,0.91,,220596.0,5.0,,1818.0,5.0,,1659.0,0.58,159.0,,,,,,,,,568.7,9.17
3151297,2026,actual,19.0,0.0,0.0,25.0,2.5,51.0,51.0,0.91,0.0,181453.0,6.0,0.0,1424.0,1.0,0.0,1298.0,0.5,126.0,,,,,,,,,416.4,8.16
3151297,2027,projected,20.0,,,27.0,2.7,54.0,53.0,0.9,,189061.0,6.0,,1482.0,2.0,,1340.0,0.51,142.0,,,,,,,,,428.0,8.08
3151297,2027,actual,,,,,,,,,,,,,,,,,,,,,,,,,,,,
3151981,2023,projected,18.0,0.0,0.0,34.0,2.42,62.0,59.0,0.92,0.0,210005.0,7.0,0.0,1841.0,8.0,0.0,1700.0,0.58,141.0,,,6.0,,,,,,608.0,10.31
3151981,2023,actual,22.0,0.0,0.0,31.0,2.34,62.0,60.0,0.92,0.0,215224.0,7.0,0.0,1838.0,6.0,0.0,1698.0,0.52,140.0,,,,,,,,,578.4,9.64
3151981,2024,projected,21.0,0.0,0.0,33.0,2.35,61.0,61.0,0.92,0.0,217123.0,7.0,0.0,1867.0,8.0,0.0,1725.0,0.54,142.0,,,,,,,,,605.5,9.93
3151981,2024,actual,19.0,0.0,0.0,25.0,3.01,56.0,55.0,0.91,0.0,199559.0,12.0,0.0,1821.0,2.0,0.0,1655.0,0.45,167.0,,,,,,,,,504.5,9.17
3151981,2025,projected,23.0,,,29.0,0.05,,57.0,0.92,,202886.0,5.0,,1912.0,4.0,,1753.0,0.51,159.0,,,,,,,,,548.9,9.63
3151981,2025,actual,24.0,0.0,0.0,30.0,2.71,61.0,60.0,0.91,0.0,209931.0,6.0,0.0,1695.0,4.0,0.0,1538.0,0.5,158.0,,,,,,,,,493.4,8.22
3151981,2026,projected,25.0,,,29.0,2.73,59.0,59.0,0.91,,209922.0,5.0,,1724.0,3.0,,1565.0,0.49,159.0,,,,,,3.0,3.0,,486.5,8.25
3151981,2026,actual,24.0,0.0,0.0,29.0,2.68,55.0,54.0,0.91,0.0,193570.0,2.0,0.0,1530.0,7.0,0.0,1386.0,0.53,144.0,,,,,,,,,455.8,8.44
3151981,2027,projected,26.0,,,30.0,2.69,57.0,59.0,0.9,,210020.0,4.0,,1564.0,6.0,,1408.0,0.5,157.0,,,,,,,,,455.4,7.72
3151981,2027,actual,,,,,,,,,,,,,,,,,,,,,,,,,,,,
3654006,2023,projected,,,,,,,,,,,,,,,,,,,,,,,,,,,,
3654006,2023,actual,4.0,0.0,0.0,9.0,2.89,15.0,14.0,0.91,0.0,53591.0,2.0,0.0,488.0,1.0,0.0,445.0,0.6,43.0,,,,,2.0,,,,150.5,10.75
3654006,2024,projected,,,,,,,,,,,,,,,,,,,,,,,,,,,,
3654006,2024,actual,18.0,0.0,0.0,21.0,3.05,44.0,43.0,0.9,0.0,149931.0,5.0,0.0,1325.0,2.0,0.0,1198.0,0.48,127.0,,,,,,,,,363.4,8.45
3654006,2025,projected,13.0,,,18.0,0.05,,36.0,0.9,,128138.0,5.0,,1118.0,1.0,,1006.0,0.5,112.0,,,,,,,,,303.8,8.44
3654006,2025,actual,9.0,0.0,0.0,14.0,2.81,30.0,26.0,0.9,0.0,93578.0,1.0,0.0,705.0,1.0,0.0,632.0,0.58,73.0,,,,,,,,,198.6,7.64
3654006,2026,projected,,,,,,,,,,,,,,,,,,,,,,,,,,,,
3654006,2026,actual,10.0,0.0,0.0,20.0,2.77,36.0,34.0,0.91,0.0,119521.0,4.0,0.0,978.0,3.0,0.0,887.0,0.59,92.0,,,,,,,,,308.1,9.06
3654006,2027,projected,11.0,,,20.0,2.77,37.0,37.0,0.9,,124586.0,4.0,,1007.0,2.0,,911.0,0.57,96.0,,,,,,,,,306.3,8.28
3654006,2027,actual,,,,,,,,,,,,,,,,,,,,,,,,,,,,
3904177,2023,projected,9.0,0.0,0.0,11.0,2.91,22.0,24.0,0.91,0.0,85426.0,4.0,0.0,725.0,2.0,0.0,656.0,0.46,69.0,,,385.0,,,,,,204.8,8.53
3904177,2023,actual,6.0,0.0,0.0,10.0,3.2,22.0,20.0,0.89,0.0,67533.0,2.0,0.0,563.0,0.0,0.0,503.0,0.56,60.0,,,,,,,,,150.9,7.54
3904177,2024,projected,,,,,,,,,,,,,,,,,,,,,,,,,,,,
3904177,2024,actual,25.0,0.0,0.0,10.0,3.45,44.0,41.0,0.9,0.0,146228.0,4.0,0.0,1383.0,2.0,0.0,1243.0,0.26,140.0,,,,,,,,,287.9,7.02
3904177,2025,projected,23.0,,,11.0,0.06,,38.0,0.89,,135257.0,4.0,,1278.0,2.0,,1143.0,0.29,135.0,,,,,,,,,270.9,7.13
3904177,2025,actual,21.0,0.0,0.0,28.0,2.55,56.0,53.0,0.91,0.0,193418.0,6.0,0.0,1549.0,4.0,0.0,1413.0,0.51,137.0,,,,,,,,,467.9,8.83
3904177,2026,projected,18.0,,,32.0,2.44,53.0,53.0,0.9,,188574.0,3.0,,1330.0,2.0,,1202.0,0.6,128.0,,,,,,2.0,2.0,,423.6,7.99
3904177,2026,actual,10.0,0.0,0.0,23.0,2.51,39.0,36.0,0.9,0.0,129341.0,2.0,0.0,933.0,3.0,0.0,843.0,0.66,90.0,,,,,,,,,308.9,8.58
3904177,2027,projected,15.0,,,25.0,2.55,45.0,41.0,0.91,,156416.0,3.0,,1190.0,3.0,,1080.0,0.58,111.0,,,,,,,,,369.0,9.0
3904177,2027,actual,,,,,,,,,,,,,,,,,,,,,,,,,,,,
3939714,2023,projected,12.0,0.0,0.0,11.0,2.83,27.0,25.0,0.91,0.0,88985.0,2.0,0.0,737.0,2.0,0.0,667.0,0.44,70.0,,,386.0,,,,,,198.1,7.92
3939714,2023,actual,7.0,0.0,0.0,16.0,2.45,27.0,25.0,0.92,0.0,89454.0,1.0,0.0,721.0,0.0,0.0,660.0,0.67,61.0,,,,,,,,,229.0,9.16
3939714,2024,projected,14.0,0.0,0.0,23.0,2.45,40.0,40.0,0.92,0.0,142376.0,3.0,0.0,1154.0,2.0,0.0,1057.0,0.58,97.0,,,,,,1.0,1.0,,361.1,9.03
3939714,2024,actual,12.0,0.0,0.0,19.0,2.71,35.0,35.0,0.91,0.0,118129.0,2.0,0.0,979.0,2.0,0.0,890.0,0.58,89.0,,,,,,,,,294.0,8.4
3939714,2025,projected,14.0,,,26.0,0.04,,44.0,0.92,,156614.0,4.0,,1334.0,2.0,,1223.0,0.59,111.0,,,,,,1.0,1.0,,417.9,9.5
3939714,2025,actual,13.0,0.0,0.0,32.0,2.47,50.0,50.0,0.91,0.0,176413.0,5.0,0.0,1293.0,4.0,0.0,1172.0,0.64,121.0,,,,,,,,,440.6,8.81
3939714,2026,projected,13.0,,,34.0,2.46,51.0,51.0,0.91,,181458.0,4.0,,1403.0,5.0,,1279.0,0.67,124.0,,,,,,1.0,1.0,,482.7,9.46
3939714,2026,actual,9.0,0.0,0.0,10.0,3.04,27.0,27.0,0.87,0.0,89869.0,6.0,0.0,587.0,1.0,0.0,511.0,0.4,76.0,,,,,,,,,150.3,5.57
3939714,2027,projected,12.0,,,19.0,2.82,37.0,37.0,0.88,,122556.0,7.0,,816.0,2.0,,720.0,0.5,96.0,,,,,,,,,251.0,6.78
3939714,2027,actual,,,,,,,,,,,,,,,,,,,,,,,,,,,,
3942065,2023,projected,35.0,0.0,0.0,15.0,3.41,50.0,54.0,0.9,0.0,192208.0,4.0,0.0,1840.0,2.0,0.0,1658.0,0.28,182.0,,,390.0,,,,,,390.4,7.23
3942065,2023,actual,24.0,0.0,0.0,18.0,3.43,50.0,49.0,0.9,0.0,176450.0,6.0,0.0,1670.0,3.0,0.0,1502.0,0.38,168.0,,,,,,,,,396.6,8.09
3942065,2024,projected,,,,,,,,,,,,,,,,,,,,,,,,,,,,
3942065,2024,actual,19.0,0.0,0.0,13.0,3.35,38.0,33.0,0.9,0.0,122408.0,2.0,0.0,1089.0,1.0,0.0,977.0,0.38,114.0,,,,,,,,,248.1,7.52
3942065,2025,projected,,,,,,,,,,,,,,,,,,,,,,,,,,,,
3942065,2025,actual,22.0,0.0,0.0,26.0,2.58,58.0,55.0,0.9,0.0,202100.0,8.0,0.0,1509.0,1.0,0.0,1364.0,0.46,145.0,,,,,,,,,426.2,7.75
3942065,2026,projected,21.0,,,27.0,3.09,53.0,53.0,0.89,,188574.0,5.0,,1515.0,1.0,,1353.0,0.51,162.0,,,,,,2.0,2.0,,403.9,7.62
3942065,2026,actual,20.0,0.0,0.0,38.0,2.75,64.0,63.0,0.9,0.0,221565.0,3.0,0.0,1626.0,2.0,0.0,1458.0,0.62,169.0,,,,,,,,,493.4,7.83
3942065,2027,projected,20.0,,,37.0,2.78,62.0,59.0,0.9,,201969.0,3.0,,1538.0,2.0,,1382.0,0.62,156.0,,,,,,,,,477.6,8.09
3942065,2027,actual,,,,,,,,,,,,,,,,,,,,,,,,,,,,
3942073,2023,projected,,,,,,,,,,,,,,,,,,,,,,,,,,,,
3942073,2023,actual,1.0,0.0,0.0,2.0,3.14,5.0,4.0,0.9,0.0,14888.0,1.0,0.0,130.0,0.0,0.0,117.0,0.5,13.0,,,,,,,,,36.1,9.03
3942073,2024,projected,,,,,,,,,,,,,,,,,,,,,,,,,,,,
3942073,2024,actual,18.0,0.0,0.0,19.0,2.46,50.0,46.0,0.92,0.0,169967.0,11.0,0.0,1374.0,3.0,0.0,1258.0,0.4,116.0,,,,,,,,,402.4,8.75
3942073,2025,projected,16.0,,,17.0,0.05,,38.0,0.9,,135257.0,5.0,,1128.0,1.0,,1016.0,0.45,112.0,,,,,,,,,297.8,7.84
3942073,2025,actual,23.0,0.0,0.0,27.0,2.75,57.0,55.0,0.91,0.0,197715.0,5.0,0.0,1599.0,2.0,0.0,1449.0,0.49,151.0,,,,,,,,,445.7,8.1
3942073,2026,projected,22.0,,,31.0,2.69,56.0,56.0,0.91,,199248.0,3.0,,1598.0,3.0,,1449.0,0.55,149.0,,,,,,2.0,2.0,,470.7,8.41
3942073,2026,actual,20.0,0.0,0.0,20.0,3.03,47.0,46.0,0.9,0.0,161593.0,6.0,0.0,1307.0,2.0,0.0,1173.0,0.43,136.0,,,,,,,,,341.9,7.43
3942073,2027,projected,20.0,,,20.0,2.88,50.0,48.0,0.9,,174986.0,7.0,,1389.0,2.0,,1249.0,0.43,140.0,,,,,,,,,363.7,7.58
3942073,2027,actual,,,,,,,,,,,,,,,,,,,,,,,,,,,,
3942459,2023,projected,5.0,0.0,0.0,12.0,2.83,27.0,20.0,0.91,0.0,71188.0,3.0,0.0,613.0,2.0,0.0,557.0,0.6,56.0,,,375.0,,,,,,195.1,9.75
3942459,2023,actual,6.0,0.0,0.0,14.0,2.87,27.0,23.0,0.89,0.0,89035.0,5.0,0.0,667.0,0.0,0.0,596.0,0.56,71.0,,,,,,,,,200.8,8.73
3942459,2024,projected,,,,,,,,,,,,,,,,,,,,,,,,,,,,
3942459,2024,actual,9.0,0.0,0.0,8.0,3.62,20.0,19.0,0.88,0.0,67711.0,2.0,0.0,574.0,0.0,0.0,506.0,0.42,68.0,,,,,,,,,128.8,6.78
3942459,2025,projected,17.0,,,25.0,0.06,,45.0,0.89,,160173.0,3.0,,1429.0,2.0,,1271.0,0.56,158.0,,,,,,,,,373.3,8.3
3942459,2025,actual,11.0,0.0,0.0,12.0,2.8,30.0,29.0,0.9,0.0,106862.0,6.0,0.0,810.0,2.0,0.0,727.0,0.41,83.0,,,,,,,,,222.1,7.66
3942459,2026,projected,10.0,,,12.0,2.99,24.0,24.0,0.9,,85392.0,2.0,,705.0,3.0,,634.0,0.5,71.0,,,,,,1.0,1.0,,199.2,8.3
3942459,2026,actual,14.0,0.0,0.0,29.0,2.42,52.0,51.0,0.91,0.0,179713.0,7.0,0.0,1283.0,0.0,0.0,1162.0,0.58,121.0,,,,,,,,,408.6,8.01
3942459,2027,projected,14.0,,,26.0,2.67,47.0,46.0,0.9,,153659.0,6.0,,1158.0,,,1044.0,0.57,114.0,,,,,,,,,359.2,7.81
3942459,2027,actual,,,,,,,,,,,,,,,,,,,,,,,,,,,,
3942714,2023,projected,,,,,,,,,,,,,,,,,,,,,,,,,,,,
3942714,2023,actual,19.0,0.0,0.0,16.0,3.42,40.0,39.0,0.9,0.0,140031.0,3.0,0.0,1345.0,0.0,0.0,1212.0,0.42,133.0,,,,,,,,,316.6,8.12
3942714,2024,projected,,,,,,,,,,,,,,,,,,,,,,,,,,,,
3942714,2024,actual,15.0,0.0,0.0,16.0,3.14,41.0,40.0,0.9,0.0,145726.0,9.0,0.0,1307.0,0.0,0.0,1180.0,0.4,127.0,,,,,,,,,335.0,8.38
3942714,2025,projected,19.0,,,17.0,0.06,,43.0,0.9,,153054.0,7.0,,1412.0,,,1271.0,0.4,141.0,,,,,,,,,344.3,8.01
3942714,2025,actual,24.0,0.0,0.0,31.0,2.82,62.0,60.0,0.9,0.0,212039.0,7.0,0.0,1678.0,4.0,0.0,1513.0,0.5,166.0,,,,,,,,,486.9,8.12
3942714,2026,projected,21.0,,,33.0,2.97,61.0,61.0,0.9,,217038.0,7.0,,1762.0,3.0,,1583.0,0.54,179.0,,,,,,1.0,1.0,,505.9,8.29
3942714,2026,actual,8.0,0.0,0.0,10.0,3.43,25.0,23.0,0.87,0.0,85092.0,4.0,0.0,635.0,0.0,0.0,554.0,0.45,81.0,,,,,,,,,149.2,6.49
3942714,2027,projected,,,,,,,,,,,,,,,,,,,,,,,,,,,,
3942714,2027,actual,,,,,,,,,,,,,,,,,,,,,,,,,,,,
4063288,2023,projected,7.0,0.0,0.0,7.0,3.32,21.0,18.0,0.9,0.0,64069.0,4.0,0.0,597.0,0.0,0.0,538.0,0.39,59.0,,,394.0,,1.0,,,,149.4,8.3
4063288,2023,actual,8.0,0.0,0.0,9.0,2.67,21.0,18.0,0.9,0.0,67301.0,1.0,0.0,506.0,0.0,0.0,456.0,0.5,50.0,,,,,1.0,,,,135.8,7.54
4063288,2024,projected,,,,,,,,,,,,,,,,,,,,,,,,,,,,
4063288,2024,actual,6.0,0.0,0.0,13.0,2.15,24.0,22.0,0.92,0.0,81871.0,3.0,0.0,621.0,3.0,0.0,572.0,0.59,49.0,,,,,,,,,215.6,9.8
4063288,2025,projected,,,,,,,,,,,,,,,,,,,,,,,,,,,,
4063288,2025,actual,14.0,0.0,0.0,16.0,2.84,34.0,31.0,0.89,0.0,111628.0,2.0,0.0,771.0,0.0,0.0,684.0,0.5,88.0,,,,,,,,,205.2,6.62
4063288,2026,projected,,,,,,,,,,,,,,,,,,,,,,,,,,,,
4063288,2026,actual,10.0,0.0,0.0,14.0,2.76,30.0,28.0,0.89,0.0,99081.0,3.0,0.0,719.0,2.0,0.0,643.0,0.52,76.0,,,,,,,,,207.9,7.42
4063288,2027,projected,,,,,,,,,,,,,,,,,,,,,,,,,,,,
4063288,2027,actual,,,,,,,,,,,,,,,,,,,,,,,,,,,,
4063522,2023,projected,,,,,,,,,,,,,,,,,,,,,,,,,,,,
4063522,2023,actual,13.0,0.0,0.0,6.0,3.37,27.0,26.0,0.91,0.0,95200.0,8.0,0.0,960.0,1.0,0.0,871.0,0.22,89.0,,,,,,,,,223.3,8.59
4063522,2024,projected,,,,,,,,,,,,,,,,,,,,,,,,,,,,
4063522,2024,actual,21.0,0.0,0.0,23.0,2.91,50.0,48.0,0.91,0.0,168176.0,3.0,0.0,1461.0,6.0,0.0,1325.0,0.49,136.0,,,,,,,,,411.5,8.57
4063522,2025,projected,20.0,,,24.0,0.05,,51.0,0.9,,181529.0,7.0,,1513.0,4.0,,1361.0,0.47,152.0,,,,,,,,,417.3,8.18
4063522,2025,actual,8.0,0.0,0.0,9.0,3.27,22.0,22.0,0.88,0.0,72607.0,4.0,0.0,558.0,0.0,0.0,492.0,0.43,66.0,,,,,,,,,139.6,6.35
4063522,2026,projected,4.0,,,7.0,2.97,15.0,15.0,0.9,,53370.0,4.0,,435.0,,,391.0,0.47,44.0,,,,,,1.0,1.0,,123.3,8.22
4063522,2026,actual,10.0,0.0,0.0,16.0,2.6,32.0,30.0,0.9,0.0,106694.0,3.0,0.0,763.0,2.0,0.0,686.0,0.55,77.0,,,,,,,,,231.8,7.73
4063522,2027,projected,10.0,,,16.0,2.58,33.0,32.0,0.9,,111482.0,3.0,,797.0,2.0,,716.0,0.55,80.0,,,,,,,,,237.8,7.43
4063522,2027,actual,,,,,,,,,,,,,,,,,,,,,,,,,,,,
4064582,2023,projected,30.0,0.0,0.0,23.0,2.95,55.0,60.0,0.91,0.0,213564.0,7.0,0.0,1948.0,2.0,0.0,1773.0,0.38,175.0,,,219.0,,,,,,493.9,8.23
4064582,2023,actual,23.0,0.0,0.0,22.0,2.94,55.0,54.0,0.91,0.0,189826.0,10.0,0.0,1665.0,2.0,0.0,1510.0,0.4,155.0,,,,,,,,,445.0,8.24
4064582,2024,projected,22.0,0.0,0.0,26.0,2.83,55.0,55.0,0.91,0.0,195767.0,7.0,0.0,1716.0,2.0,0.0,1562.0,0.47,154.0,,,,,,1.0,1.0,,477.6,8.68
4064582,2024,actual,9.0,0.0,0.0,12.0,2.8,26.0,25.0,0.91,0.0,87311.0,3.0,0.0,727.0,1.0,0.0,659.0,0.5,68.0,,,,,,,,,205.7,8.23
4064582,2025,projected,,,,,,,,,,,,,,,,,,,,,,,,,,,,
4064582,2025,actual,,,,,,,,,,,,,,,,,,,,,,,,,,,,
4064582,2026,projected,,,,,,,,,,,,,,,,,,,,,,,,,,,,
4064582,2026,actual,3.0,0.0,0.0,11.0,2.71,18.0,18.0,0.89,0.0,61187.0,3.0,0.0,422.0,0.0,0.0,376.0,0.65,46.0,,,,,,,,,138.8,7.71
4064582,2027,projected,,,,,,,,,,,,,,,,,,,,,,,,,,,,
4064582,2027,actual,,,,,,,,,,,,,,,,,,,,,,,,,,,,
4196914,2023,projected,19.0,0.0,0.0,38.0,2.41,62.0,60.0,0.92,0.0,213564.0,3.0,0.0,1741.0,5.0,0.0,1598.0,0.63,143.0,,,27.0,,1.0,,,,574.4,9.57
4196914,2023,actual,11.0,0.0,0.0,37.0,2.37,62.0,61.0,0.92,0.0,218693.0,11.0,0.0,1776.0,5.0,0.0,1632.0,0.63,144.0,,,,,1.0,,,,609.6,9.99
4196914,2024,projected,14.0,0.0,0.0,38.0,2.38,62.0,62.0,0.92,0.0,220683.0,10.0,0.0,1805.0,6.0,0.0,1659.0,0.61,146.0,,,,,,,,,619.7,10.0
4196914,2024,actual,14.0,0.0,0.0,35.0,2.72,54.0,53.0,0.91,0.0,185075.0,4.0,0.0,1476.0,3.0,0.0,1336.0,0.66,140.0,,,,,,,,,480.8,9.07
4196914,2025,projected,16.0,,,36.0,0.04,,58.0,0.91,,206445.0,6.0,,1624.0,4.0,,1478.0,0.62,146.0,,,,,,,,,531.4,9.16
4196914,2025,actual,18.0,0.0,0.0,36.0,2.59,58.0,58.0,0.91,0.0,204604.0,4.0,0.0,1611.0,2.0,0.0,1464.0,0.62,147.0,,,,,,,,,510.2,8.8
4196914,2026,projected,19.0,,,37.0,2.41,60.0,60.0,0.92,,213480.0,4.0,,1768.0,4.0,,1625.0,0.62,143.0,,,,,,1.0,1.0,,575.5,9.59
4196914,2026,actual,12.0,0.0,0.0,35.0,2.59,54.0,54.0,0.9,0.0,191651.0,6.0,0.0,1372.0,4.0,0.0,1234.0,0.66,138.0,,,,,,,,,464.2,8.6
4196914,2027,projected,12.0,,,38.0,2.56,56.0,55.0,0.9,,199510.0,6.0,,1388.0,3.0,,1246.0,0.68,142.0,,,,,,,,,477.8,8.69
4196914,2027,actual,,,,,,,,,,,,,,,,,,,,,,,,,,,,
4233889,2023,projected,,,,,,,,,,,,,,,,,,,,,,,,,,,,
4233889,2023,actual,11.0,0.0,0.0,17.0,3.58,33.0,32.0,0.89,0.0,114613.0,4.0,0.0,1054.0,0.0,0.0,940.0,0.53,114.0,,,,,1.0,,,,271.0,8.47
4233889,2024,projected,,,,,,,,,,,,,,,,,,,,,,,,,,,,
4233889,2024,actual,22.0,0.0,0.0,27.0,2.57,54.0,51.0,0.91,0.0,184874.0,4.0,0.0,1470.0,5.0,0.0,1338.0,0.51,132.0,,,,,,,,,441.4,8.65
4233889,2025,projected,24.0,,,24.0,0.05,,53.0,0.9,,188648.0,5.0,,1491.0,4.0,,1344.0,0.45,147.0,,,,,,,,,407.2,7.68
4233889,2025,actual,24.0,0.0,0.0,24.0,3.2,55.0,55.0,0.89,0.0,190333.0,5.0,0.0,1490.0,2.0,0.0,1321.0,0.45,169.0,,,,,,,,,370.3,6.73
4233889,2026,projected,25.0,,,26.0,3.23,56.0,56.0,0.89,,199248.0,5.0,,1693.0,3.0,,1514.0,0.46,179.0,,,,,,,,,433.2,7.74
4233889,2026,actual,9.0,0.0,0.0,22.0,2.52,35.0,34.0,0.91,0.0,121666.0,3.0,0.0,930.0,1.0,0.0,846.0,0.65,85.0,,,,,,,,,304.8,8.96
4233889,2027,projected,14.0,,,27.0,2.62,43.0,42.0,0.91,,149608.0,3.0,,1140.0,2.0,,1033.0,0.61,109.0,,,,,,,,,365.9,8.71
4233889,2027,actual,,,,,,,,,,,,,,,,,,,,,,,,,,,,
4268767,2023,projected,9.0,0.0,0.0,11.0,2.51,50.0,23.0,0.91,0.0,81866.0,3.0,0.0,646.0,2.0,0.0,589.0,0.48,57.0,,,373.0,,,,,,193.7,8.42
4268767,2023,actual,14.0,0.0,0.0,29.0,2.75,50.0,48.0,0.91,0.0,174185.0,5.0,0.0,1536.0,1.0,0.0,1403.0,0.6,133.0,,,,,,,,,466.9,9.73
4268767,2024,projected,17.0,0.0,0.0,26.0,2.81,50.0,50.0,0.91,0.0,177970.0,7.0,0.0,1536.0,1.0,0.0,1397.0,0.52,139.0,,,,,,1.0,1.0,,444.1,8.88
4268767,2024,actual,16.0,0.0,0.0,36.0,2.62,59.0,57.0,0.91,0.0,201681.0,5.0,0.0,1553.0,2.0,0.0,1406.0,0.63,147.0,,,,,,,,,497.8,8.73
4268767,2025,projected,18.0,,,32.0,0.04,,57.0,0.91,,202886.0,7.0,,1584.0,1.0,,1435.0,0.56,149.0,,,,,,1.0,1.0,,480.5,8.43
4268767,2025,actual,18.0,0.0,0.0,26.0,2.81,51.0,50.0,0.9,0.0,176547.0,4.0,0.0,1325.0,3.0,0.0,1187.0,0.54,138.0,,,,,,,,,380.1,7.6
4268767,2026,projected,19.0,,,28.0,2.78,52.0,52.0,0.9,,185016.0,5.0,,1448.0,1.0,,1305.0,0.54,143.0,,,,,,1.0,1.0,,416.5,8.01
4268767,2026,actual,17.0,0.0,0.0,23.0,2.92,50.0,50.0,0.89,0.0,175317.0,9.0,0.0,1267.0,2.0,0.0,1125.0,0.47,142.0,,,,,,,,,351.5,7.03
4268767,2027,projected,18.0,,,27.0,2.91,53.0,50.0,0.88,,186603.0,9.0,,1292.0,2.0,,1141.0,0.5,151.0,,,,,,,,,370.3,7.41
4268767,2027,actual,,,,,,,,,,,,,,,,,,,,,,,,,,,,
4271212,2023,projected,,,,,,,,,,,,,,,,,,,,,,,,,,,,
4271212,2023,actual,0.0,0.0,0.0,2.0,2.5,2.0,2.0,0.93,0.0,7200.0,0.0,0.0,70.0,0.0,0.0,65.0,1.0,5.0,,,,,,,,,26.5,13.25
4271212,2024,projected,,,,,,,,,,,,,,,,,,,,,,,,,,,,
4271212,2024,actual,3.0,0.0,0.0,1.0,3.98,6.0,5.0,0.89,0.0,19006.0,1.0,0.0,196.0,0.0,0.0,175.0,0.2,21.0,,,,,,,,,37.5,7.5
4271212,2025,projected,,,,,,,,,,,,,,,,,,,,,,,,,,,,
4271212,2025,actual,,,,,,,,,,,,,,,,,,,,,,,,,,,,
4271212,2026,projected,,,,,,,,,,,,,,,,,,,,,,,,,,,,
4271212,2026,actual,1.0,0.0,0.0,0.0,7.39,1.0,1.0,0.82,0.0,3409.0,0.0,0.0,40.0,0.0,0.0,33.0,0.0,7.0,,,,,,,,,1.9,1.9
4271212,2027,projected,,,,,,,,,,,,,,,,,,,,,,,,,,,,
4271212,2027,actual,,,,,,,,,,,,,,,,,,,,,,,,,,,,
4271575,2023,projected,,,,,,,,,,,,,,,,,,,,,,,,,,,,
4271575,2023,actual,1.0,0.0,0.0,6.0,2.16,7.0,7.0,0.93,0.0,24986.0,0.0,0.0,219.0,0.0,0.0,204.0,0.86,15.0,,,,,,,,,81.2,11.6
4271575,2024,projected,,,,,,,,,,,,,,,,,,,,,,,,,,,,
4271575,2024,actual,11.0,0.0,0.0,12.0,2.94,25.0,23.0,0.91,0.0,88299.0,1.0,0.0,772.0,0.0,0.0,700.0,0.5,72.0,,,,,,,,,202.0,8.78
4271575,2025,projected,18.0,,,27.0,0.05,,51.0,0.9,,181458.0,6.0,,1475.0,4.0,,1333.0,0.53,142.0,,,,,,,,,435.9,8.55
4271575,2025,actual,14.0,0.0,0.0,27.0,2.73,42.0,41.0,0.91,0.0,146540.0,1.0,0.0,1216.0,1.0,0.0,1105.0,0.64,111.0,,,,,,,,,375.5,9.16
4271575,2026,projected,16.0,,,20.0,2.85,39.0,39.0,0.91,,138762.0,3.0,,1171.0,2.0,,1061.0,0.51,110.0,,,,,,,,,329.3,8.44
4271575,2026,actual,16.0,0.0,0.0,15.0,3.34,39.0,38.0,0.9,0.0,133804.0,7.0,0.0,1220.0,2.0,0.0,1097.0,0.39,124.0,,,,,,,,,308.1,8.11
4271575,2027,projected,14.0,,,17.0,3.37,39.0,38.0,0.9,,129319.0,5.0,,1229.0,2.0,,1108.0,0.47,121.0,,,,,,,,,322.4,8.48
4271575,2027,actual,,,,,,,,,,,,,,,,,,,,,,,,,,,,
4272674,2023,projected,9.0,0.0,0.0,11.0,2.81,39.0,23.0,0.91,0.0,81866.0,3.0,0.0,725.0,2.0,0.0,661.0,0.48,64.0,,,371.0,,,,,,208.3,9.06
4272674,2023,actual,9.0,0.0,0.0,22.0,2.1,39.0,37.0,0.93,0.0,138656.0,7.0,0.0,1173.0,3.0,0.0,1092.0,0.58,81.0,,,,,,,,,402.6,10.88
4272674,2024,projected,14.0,0.0,0.0,26.0,2.56,45.0,45.0,0.92,0.0,160173.0,5.0,0.0,1435.0,4.0,0.0,1321.0,0.58,114.0,,,,,,2.0,2.0,,455.3,10.12
4272674,2024,actual,18.0,0.0,0.0,20.0,3.06,45.0,43.0,0.9,0.0,151593.0,4.0,0.0,1283.0,3.0,0.0,1154.0,0.48,129.0,,,,,,,,,343.2,7.98
4272674,2025,projected,18.0,,,29.0,0.05,,51.0,0.91,,181529.0,4.0,,1712.0,3.0,,1565.0,0.57,147.0,,,,,,2.0,2.0,,502.5,9.85
4272674,2025,actual,19.0,0.0,0.0,31.0,2.56,58.0,58.0,0.91,0.0,205415.0,6.0,0.0,1693.0,5.0,0.0,1547.0,0.55,146.0,,,,,,,,,523.1,9.02
4272674,2026,projected,19.0,,,37.0,2.76,62.0,62.0,0.91,,220596.0,6.0,,1847.0,6.0,,1678.0,0.6,169.0,,,,,,2.0,2.0,,579.4,9.35
4272674,2026,actual,15.0,0.0,0.0,28.0,2.69,50.0,49.0,0.9,0.0,178075.0,6.0,0.0,1377.0,4.0,0.0,1245.0,0.57,133.0,,,,,,,,,427.5,8.72
4272674,2027,projected,16.0,,,29.0,2.56,53.0,53.0,0.91,,190168.0,6.0,,1471.0,4.0,,1336.0,0.57,135.0,,,,,,,,,457.8,8.64
4272674,2027,actual,,,,,,,,,,,,,,,,,,,,,,,,,,,,
4272888,2023,projected,19.0,0.0,0.0,30.0,2.62,37.0,54.0,0.91,0.0,192208.0,5.0,0.0,1627.0,3.0,0.0,1487.0,0.56,140.0,,,87.0,,1.0,,,,494.1,9.15
4272888,2023,actual,13.0,0.0,0.0,21.0,2.65,37.0,36.0,0.92,0.0,130282.0,3.0,0.0,1132.0,2.0,0.0,1036.0,0.57,96.0,,,,,1.0,,,,344.8,9.58
4272888,2024,projected,14.0,0.0,0.0,24.0,2.75,42.0,42.0,0.91,0.0,149495.0,4.0,0.0,1318.0,3.0,0.0,1204.0,0.57,114.0,,,,,,,,,401.2,9.55
4272888,2024,actual,14.0,0.0,0.0,25.0,2.7,46.0,42.0,0.91,0.0,158728.0,5.0,0.0,1298.0,1.0,0.0,1179.0,0.57,119.0,,,,,,,,,389.7,9.28
4272888,2025,projected,11.0,,,23.0,0.05,,38.0,0.92,,135257.0,4.0,,1217.0,1.0,,1115.0,0.61,102.0,,,,,,,,,375.5,9.88
4272888,2025,actual,6.0,0.0,0.0,31.0,2.49,43.0,42.0,0.91,0.0,152109.0,6.0,0.0,1172.0,2.0,0.0,1067.0,0.72,105.0,,,,,,,,,421.1,10.03
4272888,2026,projected,10.0,,,30.0,2.52,45.0,45.0,0.91,,160110.0,5.0,,1259.0,1.0,,1147.0,0.67,112.0,,,,,,1.0,1.0,,421.1,9.36
4272888,2026,actual,21.0,0.0,0.0,31.0,2.44,58.0,58.0,0.91,0.0,206703.0,6.0,0.0,1587.0,4.0,0.0,1447.0,0.53,140.0,,,,,,,,,493.1,8.5
4272888,2027,projected,18.0,,,33.0,2.64,56.0,53.0,0.91,,187832.0,7.0,,1462.0,3.0,,1324.0,0.57,138.0,,,,,,,,,472.2,8.91
4272888,2027,actual,,,,,,,,,,,,,,,,,,,,,,,,,,,,
4319911,2023,projected,,,,,,,,,,,,,,,,,,,,,,,,,,,,
4319911,2023,actual,,,,,,,,,,,,,,,,,,,,,,,,,,,,
4319911,2024,projected,,,,,,,,,,,,,,,,,,,,,,,,,,,,
4319911,2024,actual,3.0,0.0,0.0,2.0,4.98,6.0,6.0,0.87,0.0,18089.0,1.0,0.0,192.0,0.0,0.0,167.0,0.33,25.0,,,,,,,,,37.1,6.18
4319911,2025,projected,,,,,,,,,,,,,,,,,,,,,,,,,,,,
4319911,2025,actual,,,,,,,,,,,,,,,,,,,,,,,,,,,,
4319911,2026,projected,,,,,,,,,,,,,,,,,,,,,,,,,,,,
4319911,2026,actual,10.0,0.0,0.0,10.0,2.69,31.0,26.0,0.91,0.0,103080.0,6.0,0.0,847.0,0.0,0.0,770.0,0.38,77.0,,,,,,,,,222.0,8.54
4319911,2027,projected,,,,,,,,,,,,,,,,,,,,,,,,,,,,
4319911,2027,actual,,,,,,,,,,,,,,,,,,,,,,,,,,,,
4341584,2023,projected,8.0,0.0,0.0,6.0,2.97,19.0,16.0,0.91,0.0,56950.0,2.0,0.0,518.0,1.0,0.0,471.0,0.38,47.0,,,393.0,,,,,,132.3,8.27
4341584,2023,actual,8.0,0.0,0.0,9.0,2.75,19.0,18.0,0.92,0.0,64150.0,1.0,0.0,583.0,0.0,0.0,534.0,0.5,49.0,,,,,,,,,160.2,8.9
4341584,2024,projected,,,,,,,,,,,,,,,,,,,,,,,,,,,,
4341584,2024,actual,6.0,0.0,0.0,11.0,2.82,24.0,17.0,0.91,0.0,71485.0,0.0,0.0,610.0,1.0,0.0,554.0,0.65,56.0,,,,,,,,,174.2,10.25
4341584,2025,projected,,,,,,,,,,,,,,,,,,,,,,,,,,,,
4341584,2025,actual,15.0,0.0,0.0,25.0,2.62,51.0,49.0,0.9,0.0,181187.0,10.0,0.0,1345.0,4.0,0.0,1213.0,0.5,132.0,,,,,,,,,412.9,8.43
4341584,2026,projected,,,,,,,,,,,,,,,,,,,,,,,,,,,,
4341584,2026,actual,27.0,0.0,0.0,11.0,3.7,47.0,43.0,0.88,0.0,155541.0,5.0,0.0,1285.0,0.0,0.0,1125.0,0.26,160.0,,,,,,,,,231.5,5.38
4341584,2027,projected,17.0,,,7.0,3.68,31.0,28.0,0.88,,101702.0,3.0,,840.0,,,736.0,0.26,104.0,,,,,,,,,150.8,5.39
4341584,2027,actual,,,,,,,,,,,,,,,,,,,,,,,,,,,,
4392765,2023,projected,,,,,,,,,,,,,,,,,,,,,,,,,,,,
4392765,2023,actual,,,,,,,,,,,,,,,,,,,,,,,,,,,,
4392765,2024,projected,,,,,,,,,,,,,,,,,,,,,,,,,,,,
4392765,2024,actual,,,,,,,,,,,,,,,,,,,,,,,,,,,,
4392765,2025,projected,,,,,,,,,,,,,,,,,,,,,,,,,,,,
4392765,2025,actual,,,,,,,,,,,,,,,,,,,,,,,,,,,,
4392765,2026,projected,,,,,,,,,,,,,,,,,,,,,,,,,,,,
4392765,2026,actual,0.0,0.0,0.0,0.0,0.0,1.0,0.0,1.0,0.0,363.0,0.0,0.0,2.0,0.0,0.0,2.0,0.0,0.0,,,,,,,,,0.6,
4392765,2027,projected,,,,,,,,,,,,,,,,,,,,,,,,,,,,
4392765,2027,actual,,,,,,,,,,,,,,,,,,,,,,,,,,,,
4393408,2023,projected,,,,,,,,,,,,,,,,,,,,,,,,,,,,
4393408,2023,actual,1.0,0.0,0.0,1.0,3.58,2.0,2.0,0.85,0.0,7040.0,0.0,0.0,48.0,0.0,0.0,41.0,0.5,7.0,,,,,,,,,10.3,5.15
4393408,2024,projected,,,,,,,,,,,,,,,,,,,,,,,,,,,,
4393408,2024,actual,4.0,0.0,0.0,8.0,2.25,14.0,12.0,0.93,0.0,48065.0,1.0,0.0,414.0,2.0,0.0,384.0,0.62,30.0,,,,,,,,,140.2,11.68
4393408,2025,projected,,,,,,,,,,,,,,,,,,,,,,,,,,,,
4393408,2025,actual,15.0,0.0,0.0,15.0,3.18,34.0,29.0,0.88,0.0,107389.0,1.0,0.0,814.0,0.0,0.0,719.0,0.48,95.0,,,,,,,,,198.7,6.85
4393408,2026,projected,,,,,,,,,,,,,,,,,,,,,,,,,,,,
4393408,2026,actual,12.0,0.0,0.0,10.0,2.68,28.0,23.0,0.91,0.0,90032.0,2.0,0.0,711.0,1.0,0.0,645.0,0.42,67.0,,,,,,,,,184.5,8.02
4393408,2027,projected,,,,,,,,,,,,,,,,,,,,,,,,,,,,
4393408,2027,actual,,,,,,,,,,,,,,,,,,,,,,,,,,,,
4565234,2023,projected,9.0,0.0,0.0,21.0,2.69,21.0,32.0,0.91,0.0,113901.0,2.0,0.0,967.0,3.0,0.0,882.0,0.66,85.0,,,257.0,,,,,,314.6,9.83
4565234,2023,actual,8.0,0.0,0.0,9.0,3.18,21.0,19.0,0.9,0.0,70125.0,3.0,0.0,626.0,1.0,0.0,564.0,0.45,62.0,,,,,,,,,166.2,8.75
4565234,2024,projected,19.0,,,26.0,3.1,49.0,49.0,0.91,,174411.0,4.0,,1588.0,2.0,,1438.0,0.53,150.0,,,,,,2.0,2.0,,438.4,8.95
4565234,2024,actual,,,,,,,,,,,,,,,,,,,,,,,,,,,,
4565234,2025,projected,,,,,,,,,,,,,,,,,,,,,,,,,,,,
4565234,2025,actual,16.0,0.0,0.0,17.0,2.72,38.0,36.0,0.9,0.0,132171.0,3.0,0.0,1011.0,2.0,0.0,912.0,0.47,100.0,,,,,,,,,276.6,7.68
4565234,2026,projected,27.0,,,18.0,3.28,49.0,49.0,0.9,,174342.0,4.0,,1556.0,2.0,,1397.0,0.37,159.0,,,,,,,,,361.1,7.37
4565234,2026,actual,25.0,0.0,0.0,19.0,2.82,55.0,55.0,0.9,0.0,197595.0,11.0,0.0,1583.0,3.0,0.0,1428.0,0.35,155.0,,,,,,,,,407.4,7.41
4565234,2027,projected,23.0,,,19.0,2.77,54.0,50.0,0.9,,198527.0,9.0,,1561.0,3.0,,1409.0,0.37,153.0,,,,,,,,,399.7,7.99
4565234,2027,actual,,,,,,,,,,,,,,,,,,,,,,,,,,,,
4565259,2023,projected,,,,,,,,,,,,,,,,,,,,,,,,,,,,
4565259,2023,actual,7.0,0.0,0.0,12.0,2.44,24.0,23.0,0.91,0.0,84236.0,5.0,0.0,627.0,4.0,0.0,570.0,0.5,57.0,,,,,,,,,210.0,9.13
4565259,2024,projected,11.0,0.0,0.0,21.0,2.56,38.0,38.0,0.91,0.0,135257.0,6.0,0.0,1054.0,4.0,0.0,958.0,0.55,96.0,,,,,,1.0,1.0,,340.4,8.96
4565259,2024,actual,13.0,0.0,0.0,23.0,2.33,42.0,40.0,0.91,0.0,142289.0,4.0,0.0,1031.0,4.0,0.0,939.0,0.57,92.0,,,,,,,,,342.7,8.57
4565259,2025,projected,13.0,,,19.0,0.05,,35.0,0.9,,124579.0,3.0,,1054.0,4.0,,953.0,0.54,101.0,,,,,,1.0,1.0,,310.9,8.88
4565259,2025,actual,16.0,0.0,0.0,27.0,2.6,47.0,47.0,0.9,0.0,167442.0,3.0,0.0,1172.0,2.0,0.0,1052.0,0.59,121.0,,,,,,,,,357.6,7.61
4565259,2026,projected,13.0,,,25.0,2.83,39.0,39.0,0.89,,138762.0,1.0,,971.0,3.0,,862.0,0.64,109.0,,,,,,2.0,2.0,,301.6,7.73
4565259,2026,actual,2.0,0.0,0.0,6.0,2.33,9.0,8.0,0.9,0.0,29409.0,0.0,0.0,189.0,1.0,0.0,170.0,0.75,19.0,,,,,,,,,70.0,8.75
4565259,2027,projected,,,,,,,,,,,,,,,,,,,,,,,,,,,,
4565259,2027,actual,,,,,,,,,,,,,,,,,,,,,,,,,,,,
4565260,2023,projected,,,,,,,,,,,,,,,,,,,,,,,,,,,,
4565260,2023,actual,6.0,0.0,0.0,8.0,3.32,19.0,17.0,0.89,0.0,62850.0,3.0,0.0,524.0,0.0,0.0,466.0,0.47,58.0,,,,,,,,,132.8,7.81
4565260,2024,projected,,,,,,,,,,,,,,,,,,,,,,,,,,,,
4565260,2024,actual,3.0,0.0,0.0,1.0,4.05,6.0,5.0,0.86,0.0,16894.0,0.0,0.0,135.0,0.0,0.0,116.0,0.25,19.0,,,,,,,,,18.8,3.76
4565260,2025,projected,,,,,,,,,,,,,,,,,,,,,,,,,,,,
4565260,2025,actual,1.0,0.0,0.0,1.0,5.24,2.0,1.0,0.8,0.0,5493.0,0.0,0.0,40.0,0.0,0.0,32.0,0.5,8.0,,,,,,,,,6.6,6.6
4565260,2026,projected,,,,,,,,,,,,,,,,,,,,,,,,,,,,
4565260,2026,actual,0.0,0.0,0.0,1.0,4.65,2.0,1.0,0.83,0.0,4645.0,0.0,0.0,36.0,0.0,0.0,30.0,1.0,6.0,,,,,,,,,9.0,9.0
4565260,2027,projected,,,,,,,,,,,,,,,,,,,,,,,,,,,,
4565260,2027,actual,,,,,,,,,,,,,,,,,,,,,,,,,,,,
4576894,2023,projected,,,,,,,,,,,,,,,,,,,,,,,,,,,,
4576894,2023,actual,2.0,0.0,0.0,3.0,2.75,5.0,5.0,0.91,0.0,18356.0,0.0,0.0,152.0,0.0,0.0,138.0,0.6,14.0,,,,,,,,,43.4,8.68
4576894,2024,projected,,,,,,,,,,,,,,,,,,,,,,,,,,,,
4576894,2024,actual,0.0,0.0,0.0,3.0,2.47,4.0,4.0,0.88,0.0,14593.0,1.0,0.0,84.0,0.0,0.0,74.0,0.75,10.0,,,,,,,,,33.2,8.3
4576894,2025,projected,,,,,,,,,,,,,,,,,,,,,,,,,,,,
4576894,2025,actual,6.0,0.0,0.0,2.0,3.65,10.0,9.0,0.86,0.0,32551.0,1.0,0.0,238.0,0.0,0.0,205.0,0.22,33.0,,,,,,,,,37.5,4.17
4576894,2026,projected,,,,,,,,,,,,,,,,,,,,,,,,,,,,
4576894,2026,actual,12.0,0.0,0.0,19.0,3.07,39.0,38.0,0.89,0.0,134793.0,8.0,0.0,1020.0,2.0,0.0,906.0,0.49,115.0,,,,,,,,,290.8,7.65
4576894,2027,projected,9.0,,,15.0,3.05,31.0,30.0,0.89,,106216.0,6.0,,804.0,2.0,,714.0,0.5,90.0,,,,,,,,,231.2,7.71
4576894,2027,actual,,,,,,,,,,,,,,,,,,,,,,,,,,,,
4587815,2023,projected,,,,,,,,,,,,,,,,,,,,,,,,,,,,
4587815,2023,actual,3.0,0.0,0.0,6.0,3.07,12.0,10.0,0.9,0.0,38695.0,0.0,0.0,327.0,1.0,0.0,294.0,0.67,33.0,,,,,,,,,92.2,9.22
4587815,2024,projected,,,,,,,,,,,,,,,,,,,,,,,,,,,,
4587815,2024,actual,19.0,0.0,0.0,23.0,2.82,51.0,49.0,0.89,0.0,168568.0,7.0,0.0,1204.0,4.0,0.0,1072.0,0.47,132.0,,,,,,,,,345.6,7.05
4587815,2025,projected,24.0,,,25.0,0.05,,55.0,0.9,,195767.0,6.0,,1596.0,4.0,,1439.0,0.45,157.0,,,,,,,,,434.7,7.9
4587815,2025,actual,17.0,0.0,0.0,22.0,3.14,47.0,45.0,0.88,0.0,156107.0,5.0,0.0,1162.0,2.0,0.0,1026.0,0.5,136.0,,,,,,,,,309.8,6.88
4587815,2026,projected,22.0,,,19.0,3.19,45.0,45.0,0.89,,160110.0,4.0,,1263.0,2.0,,1121.0,0.42,142.0,,,,,,,,,306.3,6.81
4587815,2026,actual,11.0,0.0,0.0,14.0,3.12,33.0,29.0,0.87,0.0,111995.0,5.0,0.0,744.0,0.0,0.0,647.0,0.47,97.0,,,,,,,,,185.1,6.38
4587815,2027,projected,12.0,,,14.0,3.15,36.0,32.0,0.87,,121056.0,5.0,,804.0,,,700.0,0.45,106.0,,,,,,,,,191.0,5.97
4587815,2027,actual,,,,,,,,,,,,,,,,,,,,,,,,,,,,
4587836,2023,projected,,,,,,,,,,,,,,,,,,,,,,,,,,,,
4587836,2023,actual,,,,,,,,,,,,,,,,,,,,,,,,,,,,
4587836,2024,projected,,,,,,,,,,,,,,,,,,,,,,,,,,,,
4587836,2024,actual,,,,,,,,,,,,,,,,,,,,,,,,,,,,
4587836,2025,projected,,,,,,,,,,,,,,,,,,,,,,,,,,,,
4587836,2025,actual,1.0,0.0,0.0,0.0,2.62,2.0,1.0,0.88,0.0,5498.0,0.0,0.0,33.0,0.0,0.0,29.0,0.0,4.0,,,,,,,,,3.7,3.7
4587836,2026,projected,,,,,,,,,,,,,,,,,,,,,,,,,,,,
4587836,2026,actual,0.0,0.0,0.0,1.0,2.03,4.0,3.0,0.93,0.0,14194.0,3.0,0.0,104.0,1.0,0.0,97.0,0.25,8.0,,,,,,,,,40.1,13.37
4587836,2027,projected,,,,,,,,,,,,,,,,,,,,,,,,,,,,
4587836,2027,actual,,,,,,,,,,,,,,,,,,,,,,,,,,,,
4587845,2023,projected,,,,,,,,,,,,,,,,,,,,,,,,,,,,
4587845,2023,actual,5.0,0.0,0.0,9.0,2.13,18.0,14.0,0.92,0.0,54081.0,2.0,0.0,408.0,1.0,0.0,376.0,0.56,32.0,,,,,,,,,139.8,9.99
4587845,2024,projected,,,,,,,,,,,,,,,,,,,,,,,,,,,,
4587845,2024,actual,9.0,0.0,0.0,5.0,3.15,19.0,15.0,0.89,0.0,54849.0,1.0,0.0,457.0,0.0,0.0,409.0,0.33,48.0,,,,,,,,,98.7,6.58
4587845,2025,projected,,,,,,,,,,,,,,,,,,,,,,,,,,,,
4587845,2025,actual,0.0,0.0,0.0,2.0,1.26,5.0,3.0,0.94,0.0,14286.0,1.0,0.0,90.0,0.0,0.0,85.0,0.67,5.0,,,,,,,,,35.5,11.83
4587845,2026,projected,,,,,,,,,,,,,,,,,,,,,,,,,,,,
4587845,2026,actual,10.0,0.0,0.0,16.0,2.59,34.0,29.0,0.89,0.0,117947.0,6.0,0.0,791.0,2.0,0.0,706.0,0.5,85.0,,,,,,,,,238.8,8.23
4587845,2027,projected,6.0,,,10.0,2.6,22.0,19.0,0.89,,74759.0,3.0,,501.0,1.0,,447.0,0.53,54.0,,,,,,,,,147.1,7.74
4587845,2027,actual,,,,,,,,,,,,,,,,,,,,,,,,,,,,
4587855,2023,projected,,,,,,,,,,,,,,,,,,,,,,,,,,,,
4587855,2023,actual,2.0,0.0,0.0,0.0,3.46,3.0,2.0,0.85,0.0,8315.0,0.0,0.0,54.0,0.0,0.0,46.0,0.0,8.0,,,,,,,,,3.8,1.9
4587855,2024,projected,,,,,,,,,,,,,,,,,,,,,,,,,,,,
4587855,2024,actual,9.0,0.0,0.0,8.0,2.99,23.0,21.0,0.91,0.0,79490.0,4.0,0.0,731.0,2.0,0.0,665.0,0.38,66.0,,,,,,,,,192.5,9.17
4587855,2025,projected,,,,,,,,,,,,,,,,,,,,,,,,,,,,
4587855,2025,actual,3.0,0.0,0.0,2.0,4.7,11.0,7.0,0.84,0.0,31422.0,1.0,0.0,250.0,0.0,0.0,209.0,0.33,41.0,,,,,,,,,33.7,4.81
4587855,2026,projected,,,,,,,,,,,,,,,,,,,,,,,,,,,,
4587855,2026,actual,1.0,0.0,0.0,2.0,4.3,3.0,3.0,0.84,0.0,10888.0,0.0,0.0,80.0,0.0,0.0,67.0,0.67,13.0,,,,,,,,,18.1,6.03
4587855,2027,projected,,,,,,,,,,,,,,,,,,,,,,,,,,,,
4587855,2027,actual,,,,,,,,,,,,,,,,,,,,,,,,,,,,
4587909,2023,projected,,,,,,,,,,,,,,,,,,,,,,,,,,,,
4587909,2023,actual,1.0,0.0,0.0,3.0,3.22,6.0,6.0,0.91,0.0,19032.0,1.0,0.0,179.0,0.0,0.0,162.0,0.6,17.0,,,,,,,,,51.6,8.6
4587909,2024,projected,,,,,,,,,,,,,,,,,,,,,,,,,,,,
4587909,2024,actual,12.0,0.0,0.0,15.0,2.65,30.0,27.0,0.91,0.0,97719.0,1.0,0.0,830.0,1.0,0.0,759.0,0.54,72.0,,,,,,,,,240.7,8.91
4587909,2025,projected,,,,,,,,,,,,,,,,,,,,,,,,,,,,
4587909,2025,actual,8.0,0.0,0.0,16.0,2.64,31.0,28.0,0.9,0.0,100729.0,3.0,0.0,767.0,1.0,0.0,693.0,0.59,74.0,,,,,,,,,234.9,8.39
4587909,2026,projected,,,,,,,,,,,,,,,,,,,,,,,,,,,,
4587909,2026,actual,13.0,0.0,0.0,24.0,2.61,46.0,43.0,0.91,0.0,157479.0,5.0,0.0,1250.0,6.0,0.0,1137.0,0.57,114.0,,,,,,,,,397.1,9.23
4587909,2027,projected,12.0,,,24.0,2.52,44.0,39.0,0.91,,148864.0,4.0,,1120.0,5.0,,1015.0,0.6,104.0,,,,,,,,,364.5,9.35
4587909,2027,actual,,,,,,,,,,,,,,,,,,,,,,,,,,,,
4587952,2023,projected,,,,,,,,,,,,,,,,,,,,,,,,,,,,
4587952,2023,actual,0.0,0.0,0.0,1.0,1.0,1.0,1.0,0.96,0.0,3594.0,0.0,0.0,24.0,0.0,0.0,23.0,1.0,1.0,,,,,,,,,11.9,11.9
4587952,2024,projected,,,,,,,,,,,,,,,,,,,,,,,,,,,,
4587952,2024,actual,7.0,0.0,0.0,7.0,3.16,17.0,15.0,0.89,0.0,57030.0,1.0,0.0,467.0,0.0,0.0,417.0,0.47,50.0,,,,,,,,,113.1,7.54
4587952,2025,projected,17.0,,,15.0,0.05,,37.0,0.89,,131698.0,5.0,,1021.0,1.0,,910.0,0.41,111.0,,,,,,,,,254.0,6.86
4587952,2025,actual,16.0,0.0,0.0,29.0,2.64,53.0,53.0,0.91,0.0,190942.0,8.0,0.0,1549.0,3.0,0.0,1409.0,0.55,140.0,,,,,,,,,476.7,8.99
4587952,2026,projected,17.0,,,34.0,2.72,58.0,58.0,0.91,,206364.0,7.0,,1726.0,4.0,,1570.0,0.59,156.0,,,,,,3.0,3.0,,539.0,9.29
4587952,2026,actual,29.0,0.0,0.0,23.0,3.01,57.0,55.0,0.9,0.0,188954.0,3.0,0.0,1558.0,2.0,0.0,1401.0,0.42,158.0,,,,,,,,,388.3,7.06
4587952,2027,projected,27.0,,,23.0,2.94,54.0,53.0,0.9,,178797.0,3.0,,1417.0,2.0,,1270.0,0.43,146.0,,,,,,,,,363.0,6.85
4587952,2027,actual,,,,,,,,,,,,,,,,,,,,,,,,,,,,
4587994,2023,projected,,,,,,,,,,,,,,,,,,,,,,,,,,,,
4587994,2023,actual,11.0,0.0,0.0,4.0,3.91,17.0,16.0,0.89,0.0,52448.0,1.0,0.0,528.0,0.0,0.0,471.0,0.25,57.0,,,,,,,,,100.3,6.27
4587994,2024,projected,,,,,,,,,,,,,,,,,,,,,,,,,,,,
4587994,2024,actual,11.0,0.0,0.0,8.0,3.18,24.0,23.0,0.91,0.0,82588.0,3.0,0.0,796.0,0.0,0.0,723.0,0.36,73.0,,,,,,,,,189.9,8.26
4587994,2025,projected,,,,,,,,,,,,,,,,,,,,,,,,,,,,
4587994,2025,actual,10.0,0.0,0.0,7.0,3.54,20.0,19.0,0.88,0.0,66025.0,2.0,0.0,544.0,1.0,0.0,479.0,0.37,65.0,,,,,,,,,120.7,6.35
4587994,2026,projected,,,,,,,,,,,,,,,,,,,,,,,,,,,,
4587994,2026,actual,15.0,0.0,0.0,13.0,3.05,33.0,31.0,0.9,0.0,114340.0,3.0,0.0,925.0,0.0,0.0,828.0,0.42,97.0,,,,,,,,,223.4,7.21
4587994,2027,projected,14.0,,,12.0,3.04,31.0,29.0,0.9,,105416.0,3.0,,852.0,,,763.0,0.41,89.0,,,,,,,,,206.9,7.13
4587994,2027,actual,,,,,,,,,,,,,,,,,,,,,,,,,,,,
4588165,2023,projected,,,,,,,,,,,,,,,,,,,,,,,,,,,,
4588165,2023,actual,10.0,0.0,0.0,4.0,3.78,19.0,17.0,0.9,0.0,63763.0,3.0,0.0,679.0,0.0,0.0,612.0,0.24,67.0,,,,,,,,,139.6,8.21
4588165,2024,projected,,,,,,,,,,,,,,,,,,,,,,,,,,,,
4588165,2024,actual,23.0,0.0,0.0,14.0,3.33,44.0,38.0,0.9,0.0,139369.0,3.0,0.0,1310.0,1.0,0.0,1181.0,0.35,129.0,,,,,,,,,299.3,7.88
4588165,2025,projected,20.0,,,12.0,0.06,,35.0,0.89,,124579.0,3.0,,1112.0,1.0,,990.0,0.34,122.0,,,,,,,,,240.0,6.86
4588165,2025,actual,23.0,0.0,0.0,23.0,3.1,54.0,49.0,0.9,0.0,183459.0,7.0,0.0,1625.0,1.0,0.0,1467.0,0.43,158.0,,,,,,,,,422.1,8.61
4588165,2026,projected,19.0,,,24.0,3.18,48.0,48.0,0.9,,170784.0,5.0,,1538.0,2.0,,1387.0,0.5,151.0,,,,,,,,,413.1,8.61
4588165,2026,actual,20.0,0.0,0.0,30.0,3.1,56.0,55.0,0.89,0.0,196076.0,4.0,0.0,1513.0,0.0,0.0,1344.0,0.56,169.0,,,,,,,,,406.2,7.39
4588165,2027,projected,20.0,,,29.0,3.22,55.0,51.0,0.89,,193487.0,4.0,,1531.0,,,1358.0,0.55,173.0,,,,,,,,,400.4,7.85
4588165,2027,actual,,,,,,,,,,,,,,,,,,,,,,,,,,,,
4697394,2023,projected,,,,,,,,,,,,,,,,,,,,,,,,,,,,
4697394,2023,actual,1.0,0.0,0.0,0.0,4.15,1.0,1.0,0.89,0.0,3470.0,0.0,0.0,35.0,0.0,0.0,31.0,0.0,4.0,,,,,,,,,4.3,4.3
4697394,2024,projected,,,,,,,,,,,,,,,,,,,,,,,,,,,,
4697394,2024,actual,0.0,0.0,0.0,1.0,1.47,2.0,1.0,0.94,0.0,4900.0,0.0,0.0,35.0,0.0,0.0,33.0,1.0,2.0,,,,,,,,,13.9,13.9
4697394,2025,projected,20.0,0.0,0.0,15.0,3.62,40.0,40.0,0.91,0.0,142320.0,5.0,0.0,1605.0,5.0,0.0,1462.0,0.38,143.0,,,,,,,,,400.6,10.01
4697394,2025,actual,6.0,0.0,0.0,4.0,3.1,13.0,12.0,0.9,0.0,43008.0,2.0,0.0,357.0,0.0,0.0,320.0,0.33,37.0,,,,,,,,,83.0,6.92
4697394,2026,projected,,,,,,,,,,,,,,,,,,,,,,,,,,,,
4697394,2026,actual,20.0,0.0,0.0,21.0,3.63,47.0,47.0,0.88,0.0,155789.0,4.0,0.0,1341.0,0.0,0.0,1185.0,0.47,157.0,,,,,,,,,316.5,6.73
4697394,2027,projected,16.0,,,17.0,3.48,38.0,38.0,0.88,,125140.0,3.0,,1046.0,,,925.0,0.47,121.0,,,,,,,,,251.5,6.62
4697394,2027,actual,,,,,,,,,,,,,,,,,,,,,,,,,,,,
4697450,2023,projected,,,,,,,,,,,,,,,,,,,,,,,,,,,,
4697450,2023,actual,,,,,,,,,,,,,,,,,,,,,,,,,,,,
4697450,2024,projected,,,,,,,,,,,,,,,,,,,,,,,,,,,,
4697450,2024,actual,,,,,,,,,,,,,,,,,,,,,,,,,,,,
4697450,2025,projected,,,,,,,,,,,,,,,,,,,,,,,,,,,,
4697450,2025,actual,1.0,0.0,0.0,0.0,3.36,2.0,1.0,0.85,0.0,4281.0,0.0,0.0,26.0,0.0,0.0,22.0,0.0,4.0,,,,,,,,,1.6,1.6
4697450,2026,projected,,,,,,,,,,,,,,,,,,,,,,,,,,,,
4697450,2026,actual,1.0,0.0,0.0,2.0,2.31,3.0,3.0,0.92,0.0,10903.0,0.0,0.0,85.0,1.0,0.0,78.0,0.67,7.0,,,,,,,,,31.4,10.47
4697450,2027,projected,,,,,,,,,,,,,,,,,,,,,,,,,,,,
4697450,2027,actual,,,,,,,,,,,,,,,,,,,,,,,,,,,,
4697577,2023,projected,,,,,,,,,,,,,,,,,,,,,,,,,,,,
4697577,2023,actual,,,,,,,,,,,,,,,,,,,,,,,,,,,,
4697577,2024,projected,,,,,,,,,,,,,,,,,,,,,,,,,,,,
4697577,2024,actual,,,,,,,,,,,,,,,,,,,,,,,,,,,,
4697577,2025,projected,,,,,,,,,,,,,,,,,,,,,,,,,,,,
4697577,2025,actual,,,,,,,,,,,,,,,,,,,,,,,,,,,,
4697577,2026,projected,,,,,,,,,,,,,,,,,,,,,,,,,,,,
4697577,2026,actual,2.0,0.0,0.0,0.0,5.24,3.0,2.0,0.88,0.0,7560.0,0.0,0.0,81.0,0.0,0.0,71.0,0.0,11.0,,,,,,,,,8.3,4.15
4697577,2027,projected,,,,,,,,,,,,,,,,,,,,,,,,,,,,
4697577,2027,actual,,,,,,,,,,,,,,,,,,,,,,,,,,,,
4697683,2023,projected,,,,,,,,,,,,,,,,,,,,,,,,,,,,
4697683,2023,actual,,,,,,,,,,,,,,,,,,,,,,,,,,,,
4697683,2024,projected,,,,,,,,,,,,,,,,,,,,,,,,,,,,
4697683,2024,actual,,,,,,,,,,,,,,,,,,,,,,,,,,,,
4697683,2025,projected,,,,,,,,,,,,,,,,,,,,,,,,,,,,
4697683,2025,actual,1.0,0.0,0.0,3.0,1.6,6.0,4.0,0.94,0.0,15771.0,0.0,0.0,114.0,1.0,0.0,107.0,0.75,7.0,,,,,,,,,46.1,11.53
4697683,2026,projected,,,,,,,,,,,,,,,,,,,,,,,,,,,,
4697683,2026,actual,1.0,0.0,0.0,2.0,2.62,3.0,3.0,0.91,0.0,10996.0,0.0,0.0,87.0,0.0,0.0,79.0,0.67,8.0,,,,,,,,,26.7,8.9
4697683,2027,projected,,,,,,,,,,,,,,,,,,,,,,,,,,,,
4697683,2027,actual,,,,,,,,,,,,,,,,,,,,,,,,,,,,
4697686,2023,projected,,,,,,,,,,,,,,,,,,,,,,,,,,,,
4697686,2023,actual,,,,,,,,,,,,,,,,,,,,,,,,,,,,
4697686,2024,projected,,,,,,,,,,,,,,,,,,,,,,,,,,,,
4697686,2024,actual,,,,,,,,,,,,,,,,,,,,,,,,,,,,
4697686,2025,projected,,,,,,,,,,,,,,,,,,,,,,,,,,,,
4697686,2025,actual,4.0,0.0,0.0,7.0,2.74,16.0,15.0,0.91,0.0,52487.0,3.0,0.0,440.0,1.0,0.0,400.0,0.5,40.0,,,,,,,,,131.0,8.73
4697686,2026,projected,,,,,,,,,,,,,,,,,,,,,,,,,,,,
4697686,2026,actual,10.0,0.0,0.0,29.0,2.78,43.0,42.0,0.9,0.0,151535.0,4.0,0.0,1187.0,0.0,0.0,1070.0,0.67,117.0,,,,,,,,,380.0,9.05
4697686,2027,projected,10.0,,,26.0,2.76,40.0,40.0,0.9,,141980.0,3.0,,1117.0,,,1008.0,0.67,109.0,,,,,,,,,348.4,8.71
4697686,2027,actual,,,,,,,,,,,,,,,,,,,,,,,,,,,,
4697705,2023,projected,,,,,,,,,,,,,,,,,,,,,,,,,,,,
4697705,2023,actual,,,,,,,,,,,,,,,,,,,,,,,,,,,,
4697705,2024,projected,,,,,,,,,,,,,,,,,,,,,,,,,,,,
4697705,2024,actual,,,,,,,,,,,,,,,,,,,,,,,,,,,,
4697705,2025,projected,,,,,,,,,,,,,,,,,,,,,,,,,,,,
4697705,2025,actual,,,,,,,,,,,,,,,,,,,,,,,,,,,,
4697705,2026,projected,,,,,,,,,,,,,,,,,,,,,,,,,,,,
4697705,2026,actual,0.0,0.0,0.0,2.0,1.62,3.0,3.0,0.95,0.0,11100.0,1.0,0.0,96.0,0.0,0.0,91.0,0.67,5.0,,,,,,,,,37.3,12.43
4697705,2027,projected,,,,,,,,,,,,,,,,,,,,,,,,,,,,
4697705,2027,actual,,,,,,,,,,,,,,,,,,,,,,,,,,,,
4712036,2023,projected,14.0,0.0,0.0,26.0,2.43,37.0,42.0,0.92,0.0,149495.0,2.0,0.0,1198.0,4.0,0.0,1097.0,0.62,101.0,,,130.0,,,,,,392.1,9.34
4712036,2023,actual,6.0,0.0,0.0,24.0,2.27,37.0,33.0,0.92,0.0,120779.0,4.0,0.0,953.0,4.0,0.0,877.0,0.71,76.0,,,,,,,,,353.1,10.7
4712036,2024,projected,8.0,0.0,0.0,25.0,2.43,37.0,37.0,0.92,0.0,131698.0,4.0,0.0,1119.0,5.0,0.0,1030.0,0.68,89.0,,,,,,1.0,1.0,,394.0,10.65
4712036,2024,actual,10.0,0.0,0.0,25.0,2.53,44.0,43.0,0.92,0.0,153951.0,8.0,0.0,1287.0,3.0,0.0,1179.0,0.58,108.0,,,,,,,,,421.7,9.81
4712036,2025,projected,11.0,,,32.0,0.04,,55.0,0.91,,195767.0,12.0,,1476.0,4.0,,1349.0,0.58,127.0,,,,,,1.0,1.0,,510.7,9.29
4712036,2025,actual,29.0,0.0,0.0,22.0,3.11,58.0,58.0,0.89,0.0,203435.0,7.0,0.0,1632.0,4.0,0.0,1456.0,0.38,176.0,,,,,,,,,400.8,6.91
4712036,2026,projected,25.0,,,26.0,3.04,57.0,57.0,0.89,,202806.0,3.0,,1537.0,4.0,,1366.0,0.48,171.0,,,,,,,,,394.8,6.93
4712036,2026,actual,18.0,0.0,0.0,31.0,2.71,55.0,54.0,0.91,0.0,194117.0,4.0,0.0,1571.0,2.0,0.0,1426.0,0.58,146.0,,,,,,,,,469.8,8.7
4712036,2027,projected,19.0,,,31.0,2.97,55.0,57.0,0.9,,188017.0,5.0,,1600.0,3.0,,1445.0,0.56,155.0,,,,,,,,,472.5,8.29
4712036,2027,actual,,,,,,,,,,,,,,,,,,,,,,,,,,,,
4736758,2023,projected,,,,,,,,,,,,,,,,,,,,,,,,,,,,
4736758,2023,actual,,,,,,,,,,,,,,,,,,,,,,,,,,,,
4736758,2024,projected,,,,,,,,,,,,,,,,,,,,,,,,,,,,
4736758,2024,actual,,,,,,,,,,,,,,,,,,,,,,,,,,,,
4736758,2025,projected,,,,,,,,,,,,,,,,,,,,,,,,,,,,
4736758,2025,actual,,,,,,,,,,,,,,,,,,,,,,,,,,,,
4736758,2026,projected,,,,,,,,,,,,,,,,,,,,,,,,,,,,
4736758,2026,actual,4.0,0.0,0.0,8.0,2.9,16.0,14.0,0.9,0.0,54680.0,2.0,0.0,455.0,1.0,0.0,411.0,0.57,44.0,,,,,,,,,133.3,9.52
4736758,2027,projected,,,,,,,,,,,,,,,,,,,,,,,,,,,,
4736758,2027,actual,,,,,,,,,,,,,,,,,,,,,,,,,,,,
4874737,2023,projected,,,,,,,,,,,,,,,,,,,,,,,,,,,,
4874737,2023,actual,,,,,,,,,,,,,,,,,,,,,,,,,,,,
4874737,2024,projected,,,,,,,,,,,,,,,,,,,,,,,,,,,,
4874737,2024,actual,1.0,0.0,0.0,2.0,3.01,3.0,3.0,0.9,0.0,10757.0,0.0,0.0,87.0,1.0,0.0,78.0,0.67,9.0,,,,,,,,,29.4,9.8
4874737,2025,projected,,,,,,,,,,,,,,,,,,,,,,,,,,,,
4874737,2025,actual,2.0,0.0,0.0,0.0,4.09,2.0,2.0,0.84,0.0,7046.0,0.0,0.0,51.0,0.0,0.0,43.0,0.0,8.0,,,,,,,,,2.9,1.45
4874737,2026,projected,,,,,,,,,,,,,,,,,,,,,,,,,,,,
4874737,2026,actual,9.0,0.0,0.0,18.0,2.61,35.0,33.0,0.92,0.0,119799.0,6.0,0.0,1020.0,4.0,0.0,934.0,0.55,87.0,,,,,,,,,326.2,9.88
4874737,2027,projected,8.0,,,16.0,2.61,33.0,31.0,0.92,,110449.0,5.0,,940.0,4.0,,862.0,0.55,80.0,,,,,,,,,297.6,9.6
4874737,2027,actual,,,,,,,,,,,,,,,,,,,,,,,,,,,,
4894366,2023,projected,,,,,,,,,,,,,,,,,,,,,,,,,,,,
4894366,2023,actual,1.0,0.0,0.0,0.0,3.05,1.0,1.0,0.94,0.0,3537.0,0.0,0.0,49.0,0.0,0.0,46.0,0.0,3.0,,,,,,,,,9.8,9.8
4894366,2024,projected,,,,,,,,,,,,,,,,,,,,,,,,,,,,
4894366,2024,actual,6.0,0.0,0.0,3.0,3.49,9.0,8.0,0.91,0.0,30952.0,0.0,0.0,327.0,0.0,0.0,297.0,0.33,30.0,,,,,,,,,71.1,8.89
4894366,2025,projected,,,,,,,,,,,,,,,,,,,,,,,,,,,,
4894366,2025,actual,2.0,0.0,0.0,7.0,1.91,11.0,11.0,0.94,0.0,39606.0,2.0,0.0,339.0,2.0,0.0,318.0,0.64,21.0,,,,,,,,,128.4,11.67
4894366,2026,projected,,,,,,,,,,,,,,,,,,,,,,,,,,,,
4894366,2026,actual,19.0,0.0,0.0,26.0,2.6,55.0,53.0,0.91,0.0,196566.0,9.0,0.0,1539.0,2.0,0.0,1397.0,0.48,142.0,,,,,,,,,449.1,8.47
4894366,2027,projected,15.0,,,20.0,2.88,45.0,45.0,0.9,,151507.0,7.0,,1253.0,2.0,,1132.0,0.48,121.0,,,,,,,,,352.6,7.84
4894366,2027,actual,,,,,,,,,,,,,,,,,,,,,,,,,,,,
4894703,2023,projected,,,,,,,,,,,,,,,,,,,,,,,,,,,,
4894703,2023,actual,1.0,0.0,0.0,0.0,4.23,2.0,2.0,0.88,0.0,5105.0,1.0,0.0,49.0,0.0,0.0,43.0,0.0,6.0,,,,,,,,,8.9,4.45
4894703,2024,projected,,,,,,,,,,,,,,,,,,,,,,,,,,,,
4894703,2024,actual,,,,,,,,,,,,,,,,,,,,,,,,,,,,
4894703,2025,projected,,,,,,,,,,,,,,,,,,,,,,,,,,,,
4894703,2025,actual,3.0,0.0,0.0,8.0,1.99,12.0,11.0,0.93,0.0,39779.0,1.0,0.0,295.0,3.0,0.0,273.0,0.67,22.0,,,,,,,,,119.9,10.9
4894703,2026,projected,,,,,,,,,,,,,,,,,,,,,,,,,,,,
4894703,2026,actual,10.0,0.0,0.0,8.0,3.51,20.0,19.0,0.86,0.0,65669.0,1.0,0.0,457.0,0.0,0.0,393.0,0.42,64.0,,,,,,,,,94.9,4.99
4894703,2027,projected,,,,,,,,,,,,,,,,,,,,,,,,,,,,
4894703,2027,actual,,,,,,,,,,,,,,,,,,,,,,,,,,,,
4894729,2023,projected,,,,,,,,,,,,,,,,,,,,,,,,,,,,
4894729,2023,actual,10.0,0.0,0.0,2.0,3.45,15.0,13.0,0.89,0.0,50114.0,2.0,0.0,453.0,0.0,0.0,405.0,0.14,48.0,,,,,,,,,81.5,6.27
4894729,2024,projected,,,,,,,,,,,,,,,,,,,,,,,,,,,,
4894729,2024,actual,22.0,0.0,0.0,5.0,3.92,32.0,29.0,0.88,0.0,104660.0,2.0,0.0,942.0,0.0,0.0,829.0,0.17,114.0,,,,,,,,,148.7,5.13
4894729,2025,projected,,,,,,,,,,,,,,,,,,,,,,,,,,,,
4894729,2025,actual,18.0,0.0,0.0,10.0,3.18,36.0,33.0,0.9,0.0,125790.0,7.0,0.0,1087.0,0.0,0.0,976.0,0.29,111.0,,,,,,,,,244.8,7.42
4894729,2026,projected,,,,,,,,,,,,,,,,,,,,,,,,,,,,
4894729,2026,actual,13.0,0.0,0.0,8.0,3.8,26.0,24.0,0.88,0.0,88117.0,3.0,0.0,774.0,1.0,0.0,681.0,0.33,93.0,,,,,,,,,159.3,6.64
4894729,2027,projected,,,,,,,,,,,,,,,,,,,,,,,,,,,,
4894729,2027,actual,,,,,,,,,,,,,,,,,,,,,,,,,,,,
4996097,2023,projected,,,,,,,,,,,,,,,,,,,,,,,,,,,,
4996097,2023,actual,,,,,,,,,,,,,,,,,,,,,,,,,,,,
4996097,2024,projected,,,,,,,,,,,,,,,,,,,,,,,,,,,,
4996097,2024,actual,,,,,,,,,,,,,,,,,,,,,,,,,,,,
4996097,2025,projected,,,,,,,,,,,,,,,,,,,,,,,,,,,,
4996097,2025,actual,,,,,,,,,,,,,,,,,,,,,,,,,,,,
4996097,2026,projected,,,,,,,,,,,,,,,,,,,,,,,,,,,,
4996097,2026,actual,6.0,0.0,0.0,31.0,2.47,39.0,39.0,0.89,0.0,141649.0,2.0,0.0,912.0,2.0,0.0,816.0,0.79,97.0,,,,,,,,,341.8,8.76
4996097,2027,projected,6.0,,,32.0,2.58,40.0,42.0,0.89,,138170.0,2.0,,950.0,2.0,,850.0,0.8,99.0,,,,,,,,,356.0,8.48
4996097,2027,actual,,,,,,,,,,,,,,,,,,,,,,,,,,,,
5080225,2023,projected,,,,,,,,,,,,,,,,,,,,,,,,,,,,
5080225,2023,actual,,,,,,,,,,,,,,,,,,,,,,,,,,,,
5080225,2024,projected,,,,,,,,,,,,,,,,,,,,,,,,,,,,
5080225,2024,actual,,,,,,,,,,,,,,,,,,,,,,,,,,,,
5080225,2025,projected,,,,,,,,,,,,,,,,,,,,,,,,,,,,
5080225,2025,actual,0.0,0.0,0.0,0.0,4.01,1.0,0.0,0.67,0.0,1797.0,0.0,0.0,6.0,0.0,0.0,4.0,0.0,2.0,,,,,,,,,-0.8,
5080225,2026,projected,,,,,,,,,,,,,,,,,,,,,,,,,,,,
5080225,2026,actual,2.0,0.0,0.0,1.0,3.04,3.0,3.0,0.89,0.0,10661.0,0.0,0.0,82.0,0.0,0.0,73.0,0.33,9.0,,,,,,,,,16.9,5.63
5080225,2027,projected,,,,,,,,,,,,,,,,,,,,,,,,,,,,
5080225,2027,actual,,,,,,,,,,,,,,,,,,,,,,,,,,,,
5104602,2023,projected,,,,,,,,,,,,,,,,,,,,,,,,,,,,
5104602,2023,actual,,,,,,,,,,,,,,,,,,,,,,,,,,,,
5104602,2024,projected,,,,,,,,,,,,,,,,,,,,,,,,,,,,
5104602,2024,actual,,,,,,,,,,,,,,,,,,,,,,,,,,,,
5104602,2025,projected,,,,,,,,,,,,,,,,,,,,,,,,,,,,
5104602,2025,actual,,,,,,,,,,,,,,,,,,,,,,,,,,,,
5104602,2026,projected,,,,,,,,,,,,,,,,,,,,,,,,,,,,
5104602,2026,actual,1.0,0.0,0.0,3.0,2.0,4.0,4.0,0.92,0.0,14384.0,0.0,0.0,101.0,0.0,0.0,93.0,0.75,8.0,,,,,,,,,36.9,9.22
5104602,2027,projected,,,,,,,,,,,,,,,,,,,,,,,,,,,,
5104602,2027,actual,,,,,,,,,,,,,,,,,,,,,,,,,,,,
5174160,2023,projected,,,,,,,,,,,,,,,,,,,,,,,,,,,,
5174160,2023,actual,,,,,,,,,,,,,,,,,,,,,,,,,,,,
5174160,2024,projected,,,,,,,,,,,,,,,,,,,,,,,,,,,,
5174160,2024,actual,,,,,,,,,,,,,,,,,,,,,,,,,,,,
5174160,2025,projected,,,,,,,,,,,,,,,,,,,,,,,,,,,,
5174160,2025,actual,3.0,0.0,0.0,3.0,3.33,6.0,6.0,0.88,0.0,21649.0,0.0,0.0,156.0,0.0,0.0,137.0,0.5,20.0,,,,,,,,,36.1,6.02
5174160,2026,projected,,,,,,,,,,,,,,,,,,,,,,,,,,,,
5174160,2026,actual,7.0,0.0,0.0,5.0,2.86,20.0,14.0,0.91,0.0,60524.0,4.0,0.0,548.0,1.0,0.0,501.0,0.31,48.0,,,,,,,,,141.3,10.09
5174160,2027,projected,,,,,,,,,,,,,,,,,,,,,,,,,,,,
5174160,2027,actual,,,,,,,,,,,,,,,,,,,,,,,,,,,,
5188331,2023,projected,,,,,,,,,,,,,,,,,,,,,,,,,,,,
5188331,2023,actual,,,,,,,,,,,,,,,,,,,,,,,,,,,,
5188331,2024,projected,,,,,,,,,,,,,,,,,,,,,,,,,,,,
5188331,2024,actual,,,,,,,,,,,,,,,,,,,,,,,,,,,,
5188331,2025,projected,,,,,,,,,,,,,,,,,,,,,,,,,,,,
5188331,2025,actual,9.0,0.0,0.0,5.0,3.59,17.0,13.0,0.87,0.0,54115.0,1.0,0.0,406.0,0.0,0.0,352.0,0.33,54.0,,,,,,,,,75.6,5.82
5188331,2026,projected,,,,,,,,,,,,,,,,,,,,,,,,,,,,
5188331,2026,actual,2.0,0.0,0.0,0.0,4.0,4.0,2.0,0.83,0.0,7201.0,0.0,0.0,47.0,0.0,0.0,39.0,0.0,8.0,,,,,,,,,1.7,0.85
5188331,2027,projected,,,,,,,,,,,,,,,,,,,,,,,,,,,,
5188331,2027,actual,,,,,,,,,,,,,,,,,,,,,,,,,,,,
5188366,2023,projected,,,,,,,,,,,,,,,,,,,,,,,,,,,,
5188366,2023,actual,,,,,,,,,,,,,,,,,,,,,,,,,,,,
5188366,2024,projected,,,,,,,,,,,,,,,,,,,,,,,,,,,,
5188366,2024,actual,,,,,,,,,,,,,,,,,,,,,,,,,,,,
5188366,2025,projected,,,,,,,,,,,,,,,,,,,,,,,,,,,,
5188366,2025,actual,,,,,,,,,,,,,,,,,,,,,,,,,,,,
5188366,2026,projected,,,,,,,,,,,,,,,,,,,,,,,,,,,,
5188366,2026,actual,1.0,0.0,0.0,1.0,2.56,5.0,4.0,0.9,0.0,16877.0,2.0,0.0,116.0,1.0,0.0,104.0,0.25,12.0,,,,,,,,,34.2,8.55
5188366,2027,projected,,,,,,,,,,,,,,,,,,,,,,,,,,,,
5188366,2027,actual,,,,,,,,,,,,,,,,,,,,,,,,,,,,
5188437,2023,projected,,,,,,,,,,,,,,,,,,,,,,,,,,,,
5188437,2023,actual,,,,,,,,,,,,,,,,,,,,,,,,,,,,
5188437,2024,projected,,,,,,,,,,,,,,,,,,,,,,,,,,,,
5188437,2024,actual,,,,,,,,,,,,,,,,,,,,,,,,,,,,
5188437,2025,projected,,,,,,,,,,,,,,,,,,,,,,,,,,,,
5188437,2025,actual,,,,,,,,,,,,,,,,,,,,,,,,,,,,
5188437,2026,projected,,,,,,,,,,,,,,,,,,,,,,,,,,,,
5188437,2026,actual,6.0,0.0,0.0,9.0,2.43,17.0,17.0,0.91,0.0,60642.0,2.0,0.0,448.0,1.0,0.0,407.0,0.53,41.0,,,,,,,,,139.1,8.18
5188437,2027,projected,,,,,,,,,,,,,,,,,,,,,,,,,,,,
5188437,2027,actual,,,,,,,,,,,,,,,,,,,,,,,,,,,,
5188534,2023,projected,,,,,,,,,,,,,,,,,,,,,,,,,,,,
5188534,2023,actual,,,,,,,,,,,,,,,,,,,,,,,,,,,,
5188534,2024,projected,,,,,,,,,,,,,,,,,,,,,,,,,,,,
5188534,2024,actual,,,,,,,,,,,,,,,,,,,,,,,,,,,,
5188534,2025,projected,,,,,,,,,,,,,,,,,,,,,,,,,,,,
5188534,2025,actual,1.0,0.0,0.0,1.0,2.15,2.0,1.0,0.88,0.0,5019.0,0.0,0.0,26.0,0.0,0.0,23.0,0.5,3.0,,,,,,,,,8.9,8.9
5188534,2026,projected,,,,,,,,,,,,,,,,,,,,,,,,,,,,
5188534,2026,actual,11.0,0.0,0.0,6.0,3.61,21.0,18.0,0.88,0.0,68741.0,2.0,0.0,582.0,0.0,0.0,513.0,0.32,69.0,,,,,,,,,115.9,6.44
5188534,2027,projected,,,,,,,,,,,,,,,,,,,,,,,,,,,,
5188534,2027,actual,,,,,,,,,,,,,,,,,,,,,,,,,,,,
5188581,2023,projected,,,,,,,,,,,,,,,,,,,,,,,,,,,,
5188581,2023,actual,,,,,,,,,,,,,,,,,,,,,,,,,,,,
5188581,2024,projected,,,,,,,,,,,,,,,,,,,,,,,,,,,,
5188581,2024,actual,,,,,,,,,,,,,,,,,,,,,,,,,,,,
5188581,2025,projected,,,,,,,,,,,,,,,,,,,,,,,,,,,,
5188581,2025,actual,,,,,,,,,,,,,,,,,,,,,,,,,,,,
5188581,2026,projected,,,,,,,,,,,,,,,,,,,,,,,,,,,,
5188581,2026,actual,4.0,0.0,0.0,2.0,3.0,8.0,8.0,0.87,0.0,28840.0,2.0,0.0,189.0,0.0,0.0,165.0,0.25,24.0,,,,,,,,,39.5,4.94
5188581,2027,projected,,,,,,,,,,,,,,,,,,,,,,,,,,,,
5188581,2027,actual,,,,,,,,,,,,,,,,,,,,,,,,,,,,
5188656,2023,projected,,,,,,,,,,,,,,,,,,,,,,,,,,,,
5188656,2023,actual,,,,,,,,,,,,,,,,,,,,,,,,,,,,
5188656,2024,projected,,,,,,,,,,,,,,,,,,,,,,,,,,,,
5188656,2024,actual,,,,,,,,,,,,,,,,,,,,,,,,,,,,
5188656,2025,projected,,,,,,,,,,,,,,,,,,,,,,,,,,,,
5188656,2025,actual,,,,,,,,,,,,,,,,,,,,,,,,,,,,
5188656,2026,projected,,,,,,,,,,,,,,,,,,,,,,,,,,,,
5188656,2026,actual,1.0,0.0,0.0,0.0,3.46,3.0,1.0,0.87,0.0,8318.0,0.0,0.0,62.0,0.0,0.0,54.0,0.0,8.0,,,,,,,,,7.2,7.2
5188656,2027,projected,,,,,,,,,,,,,,,,,,,,,,,,,,,,
5188656,2027,actual,,,,,,,,,,,,,,,,,,,,,,,,,,,,
5206691,2023,projected,,,,,,,,,,,,,,,,,,,,,,,,,,,,
5206691,2023,actual,,,,,,,,,,,,,,,,,,,,,,,,,,,,
5206691,2024,projected,,,,,,,,,,,,,,,,,,,,,,,,,,,,
5206691,2024,actual,,,,,,,,,,,,,,,,,,,,,,,,,,,,
5206691,2025,projected,,,,,,,,,,,,,,,,,,,,,,,,,,,,
5206691,2025,actual,0.0,0.0,0.0,0.0,0.0,1.0,0.0,1.0,0.0,1200.0,0.0,0.0,12.0,0.0,0.0,12.0,0.0,0.0,,,,,,,,,3.6,
5206691,2026,projected,,,,,,,,,,,,,,,,,,,,,,,,,,,,
5206691,2026,actual,1.0,0.0,0.0,0.0,2.1,1.0,1.0,0.94,0.0,3430.0,0.0,0.0,35.0,0.0,0.0,33.0,0.0,2.0,,,,,,,,,6.9,6.9
5206691,2027,projected,,,,,,,,,,,,,,,,,,,,,,,,,,,,
5206691,2027,actual,,,,,,,,,,,,,,,,,,,,,,,,,,,,
